"Estimates of the components of interprovincial migration, by age and gender, annual 1 2 3 4 5 6 7"
"Frequency: Annual"
"Table: 17-10-0015-01 (formerly CANSIM 051-0012)"
"Release date: 2025-09-24"
"Geography: Canada, Province or territory"
""
""

"Geography","Newfoundland and Labrador",,,,,,,,,,"Prince Edward Island",,,,,,,,,,"Nova Scotia",,,,,,,,,,"New Brunswick",,,,,,,,,,"Quebec",,,,,,,,,,"Ontario",,,,,,,,,,"Manitoba",,,,,,,,,,"Saskatchewan",,,,,,,,,,"Alberta",,,,,,,,,,"British Columbia",,,,,,,,,,"Yukon",,,,,,,,,,"Northwest Territories including Nunavut (Terminated) 10",,,,,,,,,,"Northwest Territories 11",,,,,,,,,,"Nunavut 11",,,,,,,,,
"Gender","Men+",,,,,"Women+",,,,,"Men+",,,,,"Women+",,,,,"Men+",,,,,"Women+",,,,,"Men+",,,,,"Women+",,,,,"Men+",,,,,"Women+",,,,,"Men+",,,,,"Women+",,,,,"Men+",,,,,"Women+",,,,,"Men+",,,,,"Women+",,,,,"Men+",,,,,"Women+",,,,,"Men+",,,,,"Women+",,,,,"Men+",,,,,"Women+",,,,,"Men+",,,,,"Women+",,,,,"Men+",,,,,"Women+",,,,,"Men+",,,,,"Women+",,,,
"Migrants","In-migrants",,,,,"In-migrants",,,,,"In-migrants",,,,,"In-migrants",,,,,"In-migrants",,,,,"In-migrants",,,,,"In-migrants",,,,,"In-migrants",,,,,"In-migrants",,,,,"In-migrants",,,,,"In-migrants",,,,,"In-migrants",,,,,"In-migrants",,,,,"In-migrants",,,,,"In-migrants",,,,,"In-migrants",,,,,"In-migrants",,,,,"In-migrants",,,,,"In-migrants",,,,,"In-migrants",,,,,"In-migrants",,,,,"In-migrants",,,,,"In-migrants",,,,,"In-migrants",,,,,"In-migrants",,,,,"In-migrants",,,,,"In-migrants",,,,,"In-migrants",,,,
"Age group 4 8 9","2020 / 2021","2021 / 2022","2022 / 2023","2023 / 2024","2024 / 2025","2020 / 2021","2021 / 2022","2022 / 2023","2023 / 2024","2024 / 2025","2020 / 2021","2021 / 2022","2022 / 2023","2023 / 2024","2024 / 2025","2020 / 2021","2021 / 2022","2022 / 2023","2023 / 2024","2024 / 2025","2020 / 2021","2021 / 2022","2022 / 2023","2023 / 2024","2024 / 2025","2020 / 2021","2021 / 2022","2022 / 2023","2023 / 2024","2024 / 2025","2020 / 2021","2021 / 2022","2022 / 2023","2023 / 2024","2024 / 2025","2020 / 2021","2021 / 2022","2022 / 2023","2023 / 2024","2024 / 2025","2020 / 2021","2021 / 2022","2022 / 2023","2023 / 2024","2024 / 2025","2020 / 2021","2021 / 2022","2022 / 2023","2023 / 2024","2024 / 2025","2020 / 2021","2021 / 2022","2022 / 2023","2023 / 2024","2024 / 2025","2020 / 2021","2021 / 2022","2022 / 2023","2023 / 2024","2024 / 2025","2020 / 2021","2021 / 2022","2022 / 2023","2023 / 2024","2024 / 2025","2020 / 2021","2021 / 2022","2022 / 2023","2023 / 2024","2024 / 2025","2020 / 2021","2021 / 2022","2022 / 2023","2023 / 2024","2024 / 2025","2020 / 2021","2021 / 2022","2022 / 2023","2023 / 2024","2024 / 2025","2020 / 2021","2021 / 2022","2022 / 2023","2023 / 2024","2024 / 2025","2020 / 2021","2021 / 2022","2022 / 2023","2023 / 2024","2024 / 2025","2020 / 2021","2021 / 2022","2022 / 2023","2023 / 2024","2024 / 2025","2020 / 2021","2021 / 2022","2022 / 2023","2023 / 2024","2024 / 2025","2020 / 2021","2021 / 2022","2022 / 2023","2023 / 2024","2024 / 2025","2020 / 2021","2021 / 2022","2022 / 2023","2023 / 2024","2024 / 2025","2020 / 2021","2021 / 2022","2022 / 2023","2023 / 2024","2024 / 2025","2020 / 2021","2021 / 2022","2022 / 2023","2023 / 2024","2024 / 2025","2020 / 2021","2021 / 2022","2022 / 2023","2023 / 2024","2024 / 2025","2020 / 2021","2021 / 2022","2022 / 2023","2023 / 2024","2024 / 2025","2020 / 2021","2021 / 2022","2022 / 2023","2023 / 2024","2024 / 2025","2020 / 2021","2021 / 2022","2022 / 2023","2023 / 2024","2024 / 2025"
,"Persons",,,,,,,,,,,,,,,,,,,,,,,,,,,,,,,,,,,,,,,,,,,,,,,,,,,,,,,,,,,,,,,,,,,,,,,,,,,,,,,,,,,,,,,,,,,,,,,,,,,,,,,,,,,,,,,,,,,,,,,,,,,,,,,,,,,,,,,,,,,
"All ages","2,682","3,974","3,700","3,596","3,005","2,732","3,986","3,813","3,656","3,072","2,006","2,606","2,594","2,395","2,203","1,840","2,634","2,708","2,344","2,189","9,677","12,559","11,311","11,975","8,288","9,369","12,948","11,485","12,006","8,459","6,262","8,967","8,093","8,362","6,156","5,842","9,309","8,106","8,060","6,157","11,179","14,456","13,228","13,006","11,356","10,917","14,531","13,066","12,909","11,296","29,335","39,470","38,715","34,948","32,898","27,108","37,920","37,893","34,182","32,052","6,913","7,937","7,078","6,247","6,436","5,883","7,269","6,551","5,997","6,094","5,428","7,137","7,481","8,819","7,865","5,511","7,486","7,567","8,525","7,911","22,695","36,118","46,056","48,066","37,662","22,082","37,583","46,548","47,216","38,040","29,837","38,239","31,299","27,282","23,740","29,476","39,387","31,788","27,883","24,287","734","805","855","952","695","711","858","830","941","711","..t","..t","..t","..t","..t","..t","..t","..t","..t","..t","762","882","803","953","975","683","883","816","810","889","328","409","359","436","551","305","424","336","385","521"
"-1 year 12","19","13","12","17","10","17","17","6","10","9","11","10","7","10","6","10","10","7","9","6","56","50","36","38","29","48","46","41","36","30","42","31","24","28","20","37","33","28","33","23","76","91","58","60","56","68","89","72","61","62","234","171","140","153","134","192","151","146","129","126","39","23","39","36","29","33","31","27","27","24","49","34","29","39","34","46","34","29","34","32","170","191","215","229","181","154","169","195","220","170","207","131","119","93","84","171","132","90","86","75","3","2","1","2","1","4","6","2","5","2","..t","..t","..t","..t","..t","..t","..t","..t","..t","..t","6","2","2","4","1","4","4","3","4","4","1","3","2","2","2","0","3","1","2","1"
"0 to 4 years","185","268","218","214","188","167","274","213","211","185","107","159","134","121","114","88","160","140","122","114","521","844","686","596","490","465","809","694","572","483","415","670","609","527","443","364","660","617","466","429","748","1,122","977","918","845","664","1,101","928","886","820","2,128","3,018","2,684","2,355","2,354","1,862","2,699","2,560","2,208","2,176","358","476","470","429","426","315","464","442","404","404","454","661","580","583","616","419","619","597","605","616","1,613","3,260","4,110","3,713","3,199","1,444","3,025","3,889","3,551","3,022","1,839","2,295","1,765","1,421","1,343","1,611","2,225","1,693","1,343","1,294","35","51","69","53","46","46","44","58","45","39","..t","..t","..t","..t","..t","..t","..t","..t","..t","..t","60","66","54","52","61","46","62","64","52","66","20","30","30","39","43","18","37","27","37","44"
"5 to 9 years","131","231","196","182","159","129","214","202","163","152","74","149","125","96","101","71","152","126","90","94","382","769","659","462","440","364","711","606","449","409","302","593","587","486","403","287","622","492","431","370","545","884","691","681","633","525","767","720","672","614","1,505","2,419","2,351","2,149","2,006","1,454","2,303","2,218","2,003","1,895","250","414","390","334","356","239","395","340","340","338","312","579","477","494","519","315","502","512","494","511","1,166","2,575","3,438","3,085","2,625","1,112","2,467","3,213","2,902","2,476","1,262","2,150","1,648","1,343","1,260","1,258","1,980","1,530","1,319","1,181","25","42","48","42","34","26","41","45","46","30","..t","..t","..t","..t","..t","..t","..t","..t","..t","..t","38","70","41","57","58","29","55","59","48","59","12","42","26","27","38","12","39","31","36","45"
"10 to 14 years","92","225","222","189","166","94","215","196","175","157","50","143","86","87","85","53","112","105","92","85","267","586","550","443","363","268","555","525","412","343","197","515","508","391","342","218","493","449","372","317","354","642","601","563","509","399","593","551","526","469","1,158","1,975","1,859","1,759","1,614","1,076","1,803","1,724","1,693","1,512","178","305","324","307","293","174","323","293","276","280","239","398","407","446","425","237","420","405","437","428","894","2,078","2,735","2,481","2,104","875","2,025","2,622","2,382","2,034","928","1,738","1,404","1,203","1,060","912","1,655","1,265","1,036","969","18","48","30","23","27","20","33","30","31","22","..t","..t","..t","..t","..t","..t","..t","..t","..t","..t","31","34","46","40","47","17","52","52","33","47","2","25","18","23","29","3","24","29","23","31"
"15 to 19 years","124","142","150","134","113","133","119","171","158","116","143","102","92","81","71","112","100","94","83","76","592","465","389","409","295","543","495","393","429","307","344","405","352","332","262","322","405","349","292","251","502","506","457","447","387","565","556","485","507","429","1,418","1,445","1,499","1,472","1,275","1,440","1,482","1,538","1,413","1,287","581","284","183","220","211","478","316","238","288","261","334","301","313","384","337","375","341","384","374","370","1,245","1,559","1,848","1,981","1,553","1,292","1,528","1,911","1,932","1,551","1,248","1,311","1,045","983","820","1,435","1,393","1,097","1,070","879","40","31","18","29","20","43","31","18","25","19","..t","..t","..t","..t","..t","..t","..t","..t","..t","..t","38","23","36","28","34","37","29","32","29","27","9","17","28","25","31","6","19","22","15","22"
"20 to 24 years","262","244","251","349","226","280","266","245","448","257","500","461","710","617","586","361","374","680","635","511","1,835","1,471","1,507","2,890","1,315","1,574","1,405","1,397","2,844","1,289","960","790","632","1,366","658","788","818","608","1,262","643","1,035","1,221","1,306","1,379","1,119","1,203","1,488","1,410","1,486","1,238","2,885","4,494","4,917","3,941","3,848","2,908","4,217","4,837","3,826","3,736","2,102","2,326","1,862","1,154","1,511","1,593","1,786","1,454","959","1,215","752","775","1,128","2,029","1,281","778","847","990","1,828","1,202","2,335","3,088","4,035","5,577","3,660","2,475","3,464","4,140","5,724","3,853","3,027","3,651","3,262","2,913","2,415","3,192","4,042","3,607","3,362","2,695","119","87","126","227","111","103","115","105","217","116","..t","..t","..t","..t","..t","..t","..t","..t","..t","..t","90","117","129","214","167","94","80","85","170","115","24","27","23","33","38","18","34","24","20","39"
"25 to 29 years","369","347","322","413","293","402","399","346","394","308","264","296","332","430","314","258","282","340","330","281","1,499","1,517","1,350","1,959","1,125","1,538","1,577","1,442","1,843","1,146","904","880","752","1,145","678","898","927","851","1,054","689","2,228","2,135","2,058","2,137","1,775","2,154","2,186","2,072","2,058","1,748","5,393","6,503","6,777","5,790","5,523","5,025","6,232","6,389","5,701","5,335","966","1,176","1,050","994","959","851","999","910","919","847","864","826","903","1,286","1,001","855","907","950","1,162","1,013","4,011","4,775","6,193","7,672","5,373","3,790","5,080","6,236","7,359","5,386","5,481","5,689","4,923","4,574","3,711","5,304","6,333","5,278","4,832","4,006","144","152","154","177","126","142","159","171","209","148","..t","..t","..t","..t","..t","..t","..t","..t","..t","..t","142","124","125","184","157","148","160","153","138","163","64","47","38","71","69","70","40","37","72","67"
"30 to 34 years","255","369","296","331","264","271","385","317","340","285","177","207","214","217","183","168","225","236","205","189","1,014","1,261","1,173","1,270","856","1,028","1,446","1,260","1,238","923","619","807","805","814","598","597","887","842","773","617","1,455","2,093","2,017","1,974","1,687","1,385","2,060","1,899","1,975","1,638","3,966","5,240","5,021","4,699","4,364","3,456","5,304","5,160","4,635","4,406","654","706","718","704","656","557","681","694","705","648","611","752","797","825","799","576","822","756","778","796","2,700","4,579","5,978","6,527","4,922","2,373","4,685","6,138","6,283","4,936","3,844","5,103","4,239","3,784","3,199","3,622","5,040","4,278","3,735","3,185","105","117","115","133","99","100","141","125","116","105","..t","..t","..t","..t","..t","..t","..t","..t","..t","..t","100","141","136","115","149","104","144","114","105","132","43","46","39","56","66","43","65","36","44","67"
"35 to 39 years","169","325","293","270","242","182","336","311","251","239","125","168","172","131","131","112","211","166","156","152","716","1,112","1,001","832","693","695","1,132","978","815","681","432","756","660","610","502","408","742","716","612","513","1,037","1,493","1,334","1,376","1,158","939","1,463","1,228","1,271","1,100","2,814","4,018","3,813","3,498","3,307","2,474","3,729","3,604","3,466","3,143","443","537","494","562","495","376","478","475","473","447","409","626","570","649","623","398","642","614","647","644","1,886","3,467","4,671","4,692","3,699","1,669","3,330","4,312","4,423","3,478","2,570","3,790","3,151","2,635","2,342","2,450","3,617","2,825","2,444","2,178","67","98","73","77","67","64","85","73","76","63","..t","..t","..t","..t","..t","..t","..t","..t","..t","..t","70","85","68","72","85","64","89","59","72","78","28","44","33","36","52","27","37","40","32","48"
"40 to 44 years","132","245","215","234","186","129","261","242","258","204","95","155","114","104","105","76","166","141","107","119","557","760","747","593","490","517","773","752","601","490","343","566","567","537","408","294","602","564","485","403","803","1,049","968","908","817","677","955","837","841","731","2,118","2,768","2,668","2,524","2,309","1,830","2,420","2,470","2,344","2,100","348","395","359","344","339","268","368","358","315","327","317","455","468","487","477","285","447","434","499","464","1,496","2,268","3,153","3,208","2,497","1,277","2,224","3,037","3,019","2,396","2,030","2,648","2,148","1,811","1,617","1,786","2,429","2,046","1,731","1,523","49","52","46","59","43","46","50","44","48","41","..t","..t","..t","..t","..t","..t","..t","..t","..t","..t","46","62","32","42","51","46","51","66","39","60","24","38","42","31","53","13","39","26","32","47"
"45 to 49 years","215","235","220","194","176","175","230","205","190","167","104","120","96","76","84","99","115","113","79","91","472","634","545","463","388","430","608","548","522","391","367","454","431","390","313","297","492","417","423","323","532","695","614","625","539","416","655","614","563","510","1,312","1,950","1,783","1,712","1,574","1,002","1,672","1,648","1,532","1,410","210","257","230","262","237","160","229","206","263","223","221","319","367","338","353","206","319","343","328","326","1,037","1,595","2,090","2,117","1,677","861","1,545","1,903","1,839","1,533","1,487","1,897","1,526","1,341","1,165","1,367","1,832","1,379","1,261","1,101","39","29","51","32","34","22","30","40","29","27","..t","..t","..t","..t","..t","..t","..t","..t","..t","..t","37","46","43","43","51","25","40","35","43","42","32","21","24","26","34","27","18","11","16","27"
"50 to 54 years","190","276","263","215","204","195","275","292","209","207","86","112","103","75","83","105","130","106","95","96","418","613","506","414","358","473","695","583","500","412","316","450","400","326","285","327","524","410","374","309","464","604","513","491","443","456","530","491","428","400","1,188","1,453","1,402","1,294","1,206","1,023","1,261","1,255","1,193","1,083","188","202","193","189","181","181","194","198","180","180","208","294","279","273","287","224","279","291","279","297","928","1,230","1,531","1,509","1,242","945","1,287","1,493","1,374","1,212","1,389","1,550","1,285","1,157","987","1,539","1,716","1,351","1,157","1,045","32","24","32","21","22","22","31","34","13","25","..t","..t","..t","..t","..t","..t","..t","..t","..t","..t","35","39","34","42","44","22","29","31","30","30","30","32","26","22","39","28","32","25","28","37"
"55 to 59 years","189","326","305","262","237","176","323","347","271","254","79","162","109","99","104","84","171","120","93","102","397","736","664","430","421","415","809","696","440","443","302","600","509","406","362","290","634","534","409","376","464","586","460","440","407","411","563","446","424","400","1,039","1,138","1,101","966","942","936","1,181","1,044","918","925","179","193","174","153","165","173","226","209","198","205","205","313","296","249","290","221","330","291","205","279","819","1,165","1,374","1,224","1,101","900","1,393","1,623","1,312","1,269","1,408","1,740","1,285","1,039","1,007","1,408","1,900","1,382","1,082","1,079","23","23","27","29","22","23","26","26","16","20","..t","..t","..t","..t","..t","..t","..t","..t","..t","..t","35","37","14","23","32","20","41","19","16","30","24","22","14","28","27","23","17","16","12","20"
"60 to 64 years","148","299","304","255","228","152","283","286","211","213","62","146","120","101","93","79","181","121","95","107","329","730","628","453","418","358","792","617","476","435","250","559","539","429","362","246","582","478","423","349","382","478","394","354","337","348","499","396","338","348","820","917","838","870","775","824","940","900","904","812","147","214","195","149","176","142","219","210","179","198","155","247","264","244","260","170","304","320","266","296","704","1,303","1,469","1,264","1,186","758","1,614","1,735","1,493","1,421","1,104","1,692","1,270","1,058","993","1,147","1,801","1,326","1,154","1,064","20","14","30","18","14","22","41","17","28","26","..t","..t","..t","..t","..t","..t","..t","..t","..t","..t","25","18","19","22","20","19","24","17","19","20","15","12","9","10","15","17","16","9","13","20"
"65 to 69 years","102","237","243","171","171","117","202","226","164","156","66","98","83","68","68","83","105","86","71","73","294","511","437","337","298","304","531","416","361","305","218","418","359","289","254","219","436","343","279","252","268","378","335","290","281","335","384","334","281","280","619","781","731","690","657","719","863","803","750","716","132","191","149","144","157","160","202","185","161","179","150","235","241","211","233","197","248","236","221","238","775","1,183","1,296","1,120","1,056","931","1,416","1,575","1,305","1,261","1,005","1,362","990","821","783","1,144","1,402","1,056","873","823","12","18","16","17","17","17","7","17","17","13","..t","..t","..t","..t","..t","..t","..t","..t","..t","..t","8","8","10","10","9","8","9","10","7","7","0","2","6","6","12","0","3","2","2","5"
"70 to 74 years","53","127","103","98","85","55","113","122","104","94","38","64","56","39","43","40","66","63","45","47","171","271","223","190","159","155","312","237","190","175","120","271","197","147","147","114","229","187","170","140","147","221","180","147","155","164","266","206","227","197","350","521","495","469","442","386","651","618","534","531","68","116","120","139","120","78","145","125","122","131","78","152","173","129","156","88","193","184","141","174","425","873","924","767","755","486","1,033","1,062","826","857","527","795","607","514","475","525","857","670","526","504","3","5","10","6","7","5","5","10","6","6","..t","..t","..t","..t","..t","..t","..t","..t","..t","..t","1","6","10","2","7","0","10","7","2","6","0","0","1","0","1","0","1","0","0","0"
"75 to 79 years","30","43","60","43","40","36","43","47","53","39","16","30","27","26","20","26","37","33","11","25","91","135","114","101","86","103","120","145","118","88","76","115","87","80","66","66","101","118","105","78","81","135","141","112","111","111","158","159","145","128","215","328","315","271","273","247","431","401","392","360","38","56","59","71","62","50","97","90","90","86","41","82","96","87","93","59","116","113","126","119","271","486","563","470","448","354","572","657","571","528","267","343","332","306","245","287","447","384","382","294","0","7","4","3","4","5","6","8","7","6","..t","..t","..t","..t","..t","..t","..t","..t","..t","..t","0","3","2","3","2","0","2","4","0","1","0","1","0","0","1","0","0","0","1","1"
"80 to 84 years","11","12","17","12","12","12","18","24","25","19","5","18","5","9","6","8","24","13","23","15","44","54","62","65","43","49","74","89","78","61","34","53","47","44","38","38","68","52","56","45","37","64","72","47","50","49","93","113","115","90","106","185","179","178","164","135","266","308","269","249","24","33","47","28","35","25","46","49","56","51","23","50","54","43","50","31","54","75","54","61","141","250","251","252","223","189","378","422","399","354","138","196","168","169","133","157","294","278","232","195","0","1","4","4","1","1","1","4","3","2","..t","..t","..t","..t","..t","..t","..t","..t","..t","..t","0","1","2","0","0","0","1","2","1","0","0","0","0","1","1","0","0","0","0","0"
"85 to 89 years","5","8","6","10","5","5","10","7","19","10","4","6","5","4","5","5","11","12","1","4","19","32","28","22","18","27","36","40","45","31","18","24","21","15","13","23","33","38","31","24","16","42","36","28","29","28","71","57","63","53","45","89","98","107","90","91","195","139","175","150","5","24","14","21","20","20","44","31","28","33","5","28","27","20","24","27","36","27","37","32","47","144","133","121","115","134","217","259","173","191","62","115","91","75","70","104","175","151","142","115","0","2","0","0","0","0","3","2","3","1","..t","..t","..t","..t","..t","..t","..t","..t","..t","..t","0","0","0","0","0","0","1","3","1","1","0","0","0","0","0","0","0","0","0","0"
"90 to 94 years","1","2","2","3","0","5","1","6","0","1","0","0","4","4","1","2","2","4","1","2","3","7","5","7","3","13","17","20","31","16","3","9","7","0","2","8","15","8","7","4","5","17","15","25","17","18","43","36","33","31","20","44","38","43","37","23","87","97","72","75","3","9","8","7","8","10","21","10","11","14","1","9","10","3","7","4","22","10","8","11","28","43","38","51","39","57","105","101","100","90","13","38","34","32","28","49","92","83","91","64","0","2","1","0","0","0","2","1","0","0","..t","..t","..t","..t","..t","..t","..t","..t","..t","..t","0","0","0","0","0","0","0","1","0","0","0","0","0","0","0","0","0","0","0","0"
"95 to 99 years","0","0","2","0","0","0","2","2","2","0","0","0","0","0","0","0","0","2","1","0","0","1","1","1","0","2","4","6","6","1","0","1","0","0","0","1","6","5","2","2","0","0","1","4","1","2","10","12","7","10","2","10","5","8","4","5","32","31","22","24","0","0","0","0","0","0","5","6","2","3","0","1","2","0","0","0","4","5","2","2","4","6","10","6","7","6","23","21","27","20","1","5","7","9","3","8","19","17","22","16","0","0","0","0","0","0","1","0","1","0","..t","..t","..t","..t","..t","..t","..t","..t","..t","..t","0","0","0","0","0","0","0","0","1","1","0","0","0","0","0","0","0","0","0","0"
"100 years and older","0","0","0","0","0","0","0","0","0","0","0","0","0","0","0","0","0","0","0","0","0","0","0","0","0","0","1","0","0","0","0","0","0","0","0","0","0","0","1","0","0","0","0","0","0","0","1","0","2","0","0","3","1","0","0","0","1","3","3","1","0","0","0","0","0","0","0","1","1","0","0","0","0","0","0","0","0","1","0","0","0","0","1","0","0","0","3","4","2","2","0","0","0","1","0","0","6","2","3","2","0","0","0","0","0","0","0","0","0","0","..t","..t","..t","..t","..t","..t","..t","..t","..t","..t","0","0","0","0","0","0","0","0","0","0","0","0","0","0","0","0","0","0","0","0"

Symbol legend:
.., not available for a specific reference period




Footnotes:
1,"Interprovincial migration represents movements from one province or territory to another, involving a change in usual place of residence. A person who takes up residence in another province or territory is an out-migrant with reference to the province or territory of origin, and an in-migrant with reference to the province or territory of destination. Net interprovincial migration is the difference between the number of in-migrants and the number of out-migrants."
2,"Period from July 1 to June 30."
3,"The number of interprovincial migrants is final up to 2023/2024 and preliminary for 2024/2025."
4,"Data for persons aged 90 to 100 years and older will be available from 2001/2002."
5,"From 1971/1972 to 1975/1976, estimates are based on Family Allowance data. From 1976/1977 to 2023/2024, estimates are based on Canada Revenue Agency (CRA) tax data. For 2024/2025, estimates are based on Canada child benefit data from CRA."
6,"The population growth, which is used to calculate population estimates, is comprised of natural increase (Tables 17100006 and 17100016), international migration (Table 17100014) and interprovincial migration (Table 17100015)."
7,"The demographic estimates now incorporate the concept of gender, which was first introduced in the 2021 Census of Population. Gender refers to an individual's personal and social identity as a man, woman or non-binary person (a person who is not exclusively a man or a woman). Demographic estimates are available for the gender category "Men+", which includes men (and/or boys), as well as some non-binary persons, and for the gender category “Women+" category, which includes women (and/or girls), as well as some non-binary persons. For the sake of uniformity, all data products from the Demographic Estimates Program now adopt the term ‘gender’ for all years and periods. Prior to 2021, the demographic estimates are based on the concept of sex at birth. Although gender and sex at birth are two different concepts, this change does not cause a significant break in the trend because the two concepts produce very similar distributions. Population estimates by age and sex at birth are available upon request (please contact statcan.demography-demographie.statcan@statcan.gc.ca)."
8,"Age at July 1."
9,"Prior to 2021/2022, the distribution by age and gender is based partly on the mobility question from the most recent census that was available during the production of estimates. From 2021/2022, the distribution by age and gender is based solely on the T1 Family File (T1FF). For preliminary data, the distribution by age and gender is based on 3 years of the most recent T1 Family File data available."
10,"Data for Northwest Territories and Nunavut are presented separately from 1991/1992."
11,"Prior to 1991/1992, only data for Northwest Territories and Nunavut combined are available."
12,"Age -1 represents persons born after July 1 and not included in age group 0 to 4 years."



"How to cite: Statistics Canada. Table 17-10-0015-01  Estimates of the components of interprovincial migration, by age and gender, annual"
https://www150.statcan.gc.ca/t1/tbl1/en/tv.action?pid=1710001501