province,year,P1_0_14,P2_15_64,P3_65plus,P_tot
Newfoundland and Labrador,2000,92834,372494,62638,527966
Newfoundland and Labrador,2001,89446,369242,63355,522043
Newfoundland and Labrador,2002,87109,367964,64338,519411
Newfoundland and Labrador,2003,85051,367982,65356,518389
Newfoundland and Labrador,2004,83061,367660,66654,517375
Newfoundland and Labrador,2005,80402,365999,67909,514310
Newfoundland and Labrador,2006,78107,362992,69494,510593
Newfoundland and Labrador,2007,77050,360898,71099,509047
Newfoundland and Labrador,2008,76934,361425,73210,511569
Newfoundland and Labrador,2009,77332,363625,75784,516741
Newfoundland and Labrador,2010,77361,366139,78502,522002
Newfoundland and Labrador,2011,77097,365538,82320,524955
Newfoundland and Labrador,2012,76598,363672,85965,526235
Newfoundland and Labrador,2013,76023,361529,89408,526960
Newfoundland and Labrador,2014,75766,359322,92882,527970
Newfoundland and Labrador,2015,75134,357003,96211,528348
Newfoundland and Labrador,2016,74860,354492,100234,529586
Newfoundland and Labrador,2017,74035,351216,104491,529742
Newfoundland and Labrador,2018,72649,346703,109050,528402
Newfoundland and Labrador,2019,71227,342652,113764,527643
Newfoundland and Labrador,2020,69961,338453,118470,526884
Newfoundland and Labrador,2021,68849,334999,123208,527056
Newfoundland and Labrador,2022,68595,335687,126975,531257
Newfoundland and Labrador,2023,68437,339400,130952,538789
Newfoundland and Labrador,2024,68279,343699,134891,546869
Prince Edward Island,2000,27326,90839,18305,136470
Prince Edward Island,2001,26673,91386,18608,136667
Prince Edward Island,2002,26064,91980,18838,136882
Prince Edward Island,2003,25584,92588,19059,137231
Prince Edward Island,2004,25083,93318,19281,137682
Prince Edward Island,2005,24538,93893,19636,138067
Prince Edward Island,2006,23912,93880,20077,137869
Prince Edward Island,2007,23376,93843,20490,137709
Prince Edward Island,2008,23258,94534,20944,138736
Prince Edward Island,2009,23274,95195,21404,139873
Prince Edward Island,2010,23163,96428,22053,141644
Prince Edward Island,2011,23191,97843,22884,143918
Prince Edward Island,2012,22962,97515,23938,144415
Prince Edward Island,2013,22787,96180,24975,143942
Prince Edward Island,2014,22785,95322,25988,144095
Prince Edward Island,2015,22721,95121,26794,144636
Prince Edward Island,2016,23115,95931,27845,146891
Prince Edward Island,2017,23610,97333,28797,149740
Prince Edward Island,2018,23897,98618,29744,152259
Prince Edward Island,2019,24159,100758,30875,155792
Prince Edward Island,2020,24209,102991,31993,159193
Prince Edward Island,2021,24245,104595,33293,162133
Prince Edward Island,2022,24682,107995,34523,167200
Prince Edward Island,2023,24907,113098,35729,173734
Prince Edward Island,2024,25283,117577,36849,179709
Nova Scotia,2000,170492,637239,126090,933821
Nova Scotia,2001,166692,638291,127500,932483
Nova Scotia,2002,163276,642892,129004,935172
Nova Scotia,2003,160226,646621,130834,937681
Nova Scotia,2004,156868,649931,132826,939625
Nova Scotia,2005,152352,650932,134647,937931
Nova Scotia,2006,148120,652091,137669,937880
Nova Scotia,2007,145300,649889,139975,935164
Nova Scotia,2008,143308,649494,143163,935965
Nova Scotia,2009,141597,650068,146601,938266
Nova Scotia,2010,140125,652109,149910,942144
Nova Scotia,2011,138090,652026,153979,944095
Nova Scotia,2012,136721,645955,160487,943163
Nova Scotia,2013,135166,637968,166674,939808
Nova Scotia,2014,134266,631184,172318,937768
Nova Scotia,2015,133512,626505,177402,937419
Nova Scotia,2016,134425,625385,183174,942984
Nova Scotia,2017,135096,627721,189342,952159
Nova Scotia,2018,135969,630451,195652,962072
Nova Scotia,2019,137064,636047,202688,975799
Nova Scotia,2020,138455,640554,210159,989168
Nova Scotia,2021,138780,643343,217785,999908
Nova Scotia,2022,141767,656959,225308,1024034
Nova Scotia,2023,144479,675896,232630,1053005
Nova Scotia,2024,146638,696373,239758,1082769
New Brunswick,2000,134547,517558,98412,750517
New Brunswick,2001,131598,518595,99630,749823
New Brunswick,2002,129176,519461,100738,749375
New Brunswick,2003,126998,520350,102096,749444
New Brunswick,2004,124869,521068,103487,749424
New Brunswick,2005,122060,520763,105238,748061
New Brunswick,2006,118918,518789,107914,745621
New Brunswick,2007,117141,517993,110296,745430
New Brunswick,2008,115691,518365,112819,746875
New Brunswick,2009,114676,519435,115845,749956
New Brunswick,2010,113644,520457,118933,753034
New Brunswick,2011,112582,520380,122628,755590
New Brunswick,2012,112336,517786,127999,758121
New Brunswick,2013,111404,513440,133417,758261
New Brunswick,2014,110869,508873,138915,758657
New Brunswick,2015,110165,505280,143781,759226
New Brunswick,2016,111031,503188,149103,763322
New Brunswick,2017,110982,501328,154387,766697
New Brunswick,2018,111098,499483,159916,770497
New Brunswick,2019,111616,499862,165909,777387
New Brunswick,2020,112080,499056,172296,783432
New Brunswick,2021,112023,500127,178652,790802
New Brunswick,2022,114478,509284,185107,808869
New Brunswick,2023,117601,522124,191378,831103
New Brunswick,2024,121072,539958,197263,858293
Quebec,2000,1319948,5091621,945382,7356951
Quebec,2001,1305612,5126168,964234,7396014
Quebec,2002,1299328,5163486,978491,7441305
Quebec,2003,1292963,5197537,994988,7485488
Quebec,2004,1284491,5237973,1013019,7535483
Quebec,2005,1268243,5280178,1033046,7581467
Quebec,2006,1250673,5319297,1061931,7631901
Quebec,2007,1237556,5360784,1094060,7692400
Quebec,2008,1231137,5399414,1131063,7761614
Quebec,2009,1231043,5442918,1169954,7843915
Quebec,2010,1230719,5486259,1212501,7929479
Quebec,2011,1233012,5515531,1256193,8004736
Quebec,2012,1241976,5516302,1301474,8059752
Quebec,2013,1254784,5509820,1344221,8108825
Quebec,2014,1267362,5491194,1388979,8147535
Quebec,2015,1277555,5468762,1429426,8175743
Quebec,2016,1292403,5456236,1476397,8225036
Quebec,2017,1309880,5459449,1523503,8292832
Quebec,2018,1334060,5482312,1570579,8386951
Quebec,2019,1352486,5507898,1622802,8483186
Quebec,2020,1367129,5510595,1673371,8551095
Quebec,2021,1364340,5480388,1727292,8572020
Quebec,2022,1372035,5510289,1787639,8669963
Quebec,2023,1379582,5594825,1847289,8821696
Quebec,2024,1384155,5704962,1906357,8995474
Ontario,2000,2292589,7929704,1460997,11683290
Ontario,2001,2303694,8104491,1489288,11897473
Ontario,2002,2308047,8265530,1519835,12093412
Ontario,2003,2299906,8393720,1550015,12243641
Ontario,2004,2288879,8518414,1582348,12389641
Ontario,2005,2271814,8643406,1612361,12527581
Ontario,2006,2251006,8759347,1651600,12661953
Ontario,2007,2238065,8837235,1689833,12765133
Ontario,2008,2231734,8916859,1735231,12883824
Ontario,2009,2224725,8991479,1782737,12998941
Ontario,2010,2215884,9088300,1832297,13136481
Ontario,2011,2205480,9168184,1888681,13262345
Ontario,2012,2208041,9215353,1968970,13392364
Ontario,2013,2213082,9250459,2048361,13511902
Ontario,2014,2218082,9279119,2120562,13617763
Ontario,2015,2221434,9300039,2187820,13709293
Ontario,2016,2240613,9375235,2260652,13876500
Ontario,2017,2256596,9483883,2338020,14078499
Ontario,2018,2279542,9630939,2416265,14326746
Ontario,2019,2297566,9773648,2502351,14573565
Ontario,2020,2311699,9862599,2587513,14761811
Ontario,2021,2307350,9863801,2671337,14842488
Ontario,2022,2315457,10076944,2763435,15155836
Ontario,2023,2333241,10439604,2859636,15632481
Ontario,2024,2365796,10814563,2964438,16144797
Manitoba,2000,240256,750614,156443,1147313
Manitoba,2001,238225,756095,157131,1151451
Manitoba,2002,236444,762674,157555,1156673
Manitoba,2003,235178,770054,158353,1163585
Manitoba,2004,234055,780125,159048,1173228
Manitoba,2005,231080,787321,159861,1178262
Manitoba,2006,228608,793137,161815,1183560
Manitoba,2007,228093,798385,162968,1189446
Manitoba,2008,228767,803966,165034,1197767
Manitoba,2009,229887,811434,167234,1208555
Manitoba,2010,231288,819948,169546,1220782
Manitoba,2011,233028,827959,172366,1233353
Manitoba,2012,235921,835622,177551,1249094
Manitoba,2013,238673,841985,182735,1263393
Manitoba,2014,241770,848499,187156,1277425
Manitoba,2015,244650,857482,191466,1293598
Manitoba,2016,248922,868714,196504,1314140
Manitoba,2017,252261,880367,202106,1334734
Manitoba,2018,255352,889245,208090,1352687
Manitoba,2019,257754,897001,215278,1370033
Manitoba,2020,259691,897925,222516,1380132
Manitoba,2021,259609,902941,229374,1391924
Manitoba,2022,260383,916982,236133,1413498
Manitoba,2023,263461,946017,243724,1453202
Manitoba,2024,266582,973745,251817,1492144
Saskatchewan,2000,215715,643599,148251,1007565
Saskatchewan,2001,209982,642387,147938,1000307
Saskatchewan,2002,205998,642926,147930,996854
Saskatchewan,2003,202378,646036,148008,996422
Saskatchewan,2004,198753,650563,147989,997305
Saskatchewan,2005,193731,651604,148175,993510
Saskatchewan,2006,190237,653102,148974,992313
Saskatchewan,2007,190748,661725,149601,1002074
Saskatchewan,2008,192919,674068,150381,1017368
Saskatchewan,2009,195304,688229,151258,1034791
Saskatchewan,2010,197856,701232,152338,1051426
Saskatchewan,2011,200350,711455,153856,1065661
Saskatchewan,2012,204344,721574,157087,1083005
Saskatchewan,2013,208235,730660,159973,1098868
Saskatchewan,2014,212041,737278,162670,1111989
Saskatchewan,2015,215031,741384,165795,1122210
Saskatchewan,2016,219783,746305,169408,1135496
Saskatchewan,2017,223113,750262,173940,1147315
Saskatchewan,2018,225998,751173,179039,1156210
Saskatchewan,2019,227106,751765,185352,1164223
Saskatchewan,2020,227698,747567,192121,1167386
Saskatchewan,2021,226575,742571,198565,1167711
Saskatchewan,2022,227140,747009,204647,1178796
Saskatchewan,2023,230667,768080,211510,1210257
Saskatchewan,2024,233825,795512,218531,1247868
Alberta,2000,629330,2072662,302206,3004198
Alberta,2001,627403,2120742,310409,3058554
Alberta,2002,629901,2180224,318632,3128757
Alberta,2003,630907,2225728,326656,3183291
Alberta,2004,631367,2272893,334557,3238817
Alberta,2005,636385,2341678,343776,3321839
Alberta,2006,645337,2421347,354751,3421435
Alberta,2007,654049,2496622,363480,3514151
Alberta,2008,664028,2559144,372703,3595875
Alberta,2009,674875,2621128,383007,3679010
Alberta,2010,684240,2654175,393689,3732104
Alberta,2011,695083,2685597,407025,3787705
Alberta,2012,713928,2731967,426052,3871947
Alberta,2013,736109,2796476,445947,3978532
Alberta,2014,756911,2860311,464049,4081271
Alberta,2015,774571,2893709,481867,4150147
Alberta,2016,791559,2901767,502101,4195427
Alberta,2017,802652,2910555,524103,4237310
Alberta,2018,812101,2931798,548657,4292556
Alberta,2019,820322,2957330,577725,4355377
Alberta,2020,826052,2974507,606936,4407495
Alberta,2021,824502,2970980,636049,4431531
Alberta,2022,829114,3015412,668205,4512731
Alberta,2023,845123,3138383,705070,4688576
Alberta,2024,867419,3299160,742451,4909030
British Columbia,2000,732905,2777761,528564,4039230
British Columbia,2001,723989,2813239,539668,4076896
British Columbia,2002,714412,2836493,549599,4100504
British Columbia,2003,706530,2857336,560581,4124447
British Columbia,2004,698950,2884732,571948,4155630
British Columbia,2005,692310,2919812,583954,4196076
British Columbia,2006,687557,2954690,599546,4241793
British Columbia,2007,686537,2990603,613847,4290987
British Columbia,2008,687039,3032057,630242,4349338
British Columbia,2009,687307,3074428,648778,4410513
British Columbia,2010,686299,3111782,667476,4465557
British Columbia,2011,683193,3132014,688612,4503819
British Columbia,2012,682195,3170486,718185,4570866
British Columbia,2013,683217,3202277,749449,4634943
British Columbia,2014,687344,3244851,780496,4712691
British Columbia,2015,693342,3259238,812892,4765472
British Columbia,2016,703880,3311874,845515,4861269
British Columbia,2017,711784,3345010,877408,4934202
British Columbia,2018,718915,3391659,910405,5020979
British Columbia,2019,725375,3439934,945713,5111022
British Columbia,2020,731892,3461633,982576,5176101
British Columbia,2021,734472,3474097,1018096,5226665
British Columbia,2022,742086,3562585,1054174,5358845
British Columbia,2023,746161,3678367,1090768,5515296
British Columbia,2024,750630,3791255,1129229,5671114

