geo,gender,age_single,year,population
Newfoundland and Labrador,Men+,0,2021,1785.0
Newfoundland and Labrador,Women+,0,2021,1680.0
Prince Edward Island,Men+,0,2021,655.0
Prince Edward Island,Women+,0,2021,630.0
Nova Scotia,Men+,0,2021,3750.0
Nova Scotia,Women+,0,2021,3560.0
New Brunswick,Men+,0,2021,3125.0
New Brunswick,Women+,0,2021,2880.0
Quebec,Men+,0,2021,41095.0
Quebec,Women+,0,2021,38845.0
Ontario,Men+,0,2021,65655.0
Ontario,Women+,0,2021,62425.0
Manitoba,Men+,0,2021,8045.0
Manitoba,Women+,0,2021,7410.0
Saskatchewan,Men+,0,2021,6765.0
Saskatchewan,Women+,0,2021,6270.0
Alberta,Men+,0,2021,23745.0
Alberta,Women+,0,2021,22535.0
British Columbia,Men+,0,2021,20760.0
British Columbia,Women+,0,2021,19580.0
Yukon,Men+,0,2021,215.0
Yukon,Women+,0,2021,205.0
Northwest Territories,Men+,0,2021,290.0
Northwest Territories,Women+,0,2021,275.0
Nunavut,Men+,0,2021,510.0
Nunavut,Women+,0,2021,460.0
Newfoundland and Labrador,Men+,1,2021,1810.0
Newfoundland and Labrador,Women+,1,2021,1750.0
Prince Edward Island,Men+,1,2021,635.0
Prince Edward Island,Women+,1,2021,650.0
Nova Scotia,Men+,1,2021,4010.0
Nova Scotia,Women+,1,2021,3825.0
New Brunswick,Men+,1,2021,3220.0
New Brunswick,Women+,1,2021,2910.0
Quebec,Men+,1,2021,42835.0
Quebec,Women+,1,2021,40460.0
Ontario,Men+,1,2021,67635.0
Ontario,Women+,1,2021,64810.0
Manitoba,Men+,1,2021,7795.0
Manitoba,Women+,1,2021,7880.0
Saskatchewan,Men+,1,2021,6860.0
Saskatchewan,Women+,1,2021,6555.0
Alberta,Men+,1,2021,24755.0
Alberta,Women+,1,2021,23465.0
British Columbia,Men+,1,2021,21385.0
British Columbia,Women+,1,2021,20355.0
Yukon,Men+,1,2021,200.0
Yukon,Women+,1,2021,210.0
Northwest Territories,Men+,1,2021,275.0
Northwest Territories,Women+,1,2021,250.0
Nunavut,Men+,1,2021,440.0
Nunavut,Women+,1,2021,400.0
Newfoundland and Labrador,Men+,2,2021,1990.0
Newfoundland and Labrador,Women+,2,2021,1840.0
Prince Edward Island,Men+,2,2021,655.0
Prince Edward Island,Women+,2,2021,650.0
Nova Scotia,Men+,2,2021,4125.0
Nova Scotia,Women+,2,2021,3930.0
New Brunswick,Men+,2,2021,3325.0
New Brunswick,Women+,2,2021,3095.0
Quebec,Men+,2,2021,43165.0
Quebec,Women+,2,2021,41060.0
Ontario,Men+,2,2021,69940.0
Ontario,Women+,2,2021,66895.0
Manitoba,Men+,2,2021,8155.0
Manitoba,Women+,2,2021,7885.0
Saskatchewan,Men+,2,2021,7120.0
Saskatchewan,Women+,2,2021,6795.0
Alberta,Men+,2,2021,25665.0
Alberta,Women+,2,2021,24590.0
British Columbia,Men+,2,2021,21825.0
British Columbia,Women+,2,2021,20835.0
Yukon,Men+,2,2021,200.0
Yukon,Women+,2,2021,215.0
Northwest Territories,Men+,2,2021,270.0
Northwest Territories,Women+,2,2021,285.0
Nunavut,Men+,2,2021,420.0
Nunavut,Women+,2,2021,395.0
Newfoundland and Labrador,Men+,3,2021,1975.0
Newfoundland and Labrador,Women+,3,2021,1885.0
Prince Edward Island,Men+,3,2021,730.0
Prince Edward Island,Women+,3,2021,645.0
Nova Scotia,Men+,3,2021,4315.0
Nova Scotia,Women+,3,2021,4120.0
New Brunswick,Men+,3,2021,3360.0
New Brunswick,Women+,3,2021,3315.0
Quebec,Men+,3,2021,43960.0
Quebec,Women+,3,2021,42030.0
Ontario,Men+,3,2021,72395.0
Ontario,Women+,3,2021,68845.0
Manitoba,Men+,3,2021,8630.0
Manitoba,Women+,3,2021,7915.0
Saskatchewan,Men+,3,2021,7270.0
Saskatchewan,Women+,3,2021,7130.0
Alberta,Men+,3,2021,26540.0
Alberta,Women+,3,2021,25020.0
British Columbia,Men+,3,2021,23040.0
British Columbia,Women+,3,2021,22010.0
Yukon,Men+,3,2021,235.0
Yukon,Women+,3,2021,215.0
Northwest Territories,Men+,3,2021,340.0
Northwest Territories,Women+,3,2021,255.0
Nunavut,Men+,3,2021,440.0
Nunavut,Women+,3,2021,410.0
Newfoundland and Labrador,Men+,4,2021,2200.0
Newfoundland and Labrador,Women+,4,2021,2070.0
Prince Edward Island,Men+,4,2021,805.0
Prince Edward Island,Women+,4,2021,695.0
Nova Scotia,Men+,4,2021,4410.0
Nova Scotia,Women+,4,2021,4295.0
New Brunswick,Men+,4,2021,3590.0
New Brunswick,Women+,4,2021,3460.0
Quebec,Men+,4,2021,46080.0
Quebec,Women+,4,2021,43445.0
Ontario,Men+,4,2021,74420.0
Ontario,Women+,4,2021,70510.0
Manitoba,Men+,4,2021,8520.0
Manitoba,Women+,4,2021,8200.0
Saskatchewan,Men+,4,2021,7540.0
Saskatchewan,Women+,4,2021,7150.0
Alberta,Men+,4,2021,27855.0
Alberta,Women+,4,2021,26080.0
British Columbia,Men+,4,2021,24000.0
British Columbia,Women+,4,2021,23020.0
Yukon,Men+,4,2021,245.0
Yukon,Women+,4,2021,250.0
Northwest Territories,Men+,4,2021,295.0
Northwest Territories,Women+,4,2021,280.0
Nunavut,Men+,4,2021,485.0
Nunavut,Women+,4,2021,420.0
Newfoundland and Labrador,Men+,5,2021,2320.0
Newfoundland and Labrador,Women+,5,2021,2205.0
Prince Edward Island,Men+,5,2021,810.0
Prince Edward Island,Women+,5,2021,705.0
Nova Scotia,Men+,5,2021,4720.0
Nova Scotia,Women+,5,2021,4490.0
New Brunswick,Men+,5,2021,3675.0
New Brunswick,Women+,5,2021,3510.0
Quebec,Men+,5,2021,47915.0
Quebec,Women+,5,2021,45285.0
Ontario,Men+,5,2021,76170.0
Ontario,Women+,5,2021,72565.0
Manitoba,Men+,5,2021,8885.0
Manitoba,Women+,5,2021,8280.0
Saskatchewan,Men+,5,2021,7600.0
Saskatchewan,Women+,5,2021,7445.0
Alberta,Men+,5,2021,28245.0
Alberta,Women+,5,2021,27575.0
British Columbia,Men+,5,2021,24630.0
British Columbia,Women+,5,2021,23205.0
Yukon,Men+,5,2021,265.0
Yukon,Women+,5,2021,240.0
Northwest Territories,Men+,5,2021,295.0
Northwest Territories,Women+,5,2021,310.0
Nunavut,Men+,5,2021,425.0
Nunavut,Women+,5,2021,350.0
Newfoundland and Labrador,Men+,6,2021,2285.0
Newfoundland and Labrador,Women+,6,2021,2235.0
Prince Edward Island,Men+,6,2021,875.0
Prince Edward Island,Women+,6,2021,760.0
Nova Scotia,Men+,6,2021,4835.0
Nova Scotia,Women+,6,2021,4575.0
New Brunswick,Men+,6,2021,3915.0
New Brunswick,Women+,6,2021,3830.0
Quebec,Men+,6,2021,48000.0
Quebec,Women+,6,2021,46165.0
Ontario,Men+,6,2021,77705.0
Ontario,Women+,6,2021,73360.0
Manitoba,Men+,6,2021,8860.0
Manitoba,Women+,6,2021,8345.0
Saskatchewan,Men+,6,2021,7805.0
Saskatchewan,Women+,6,2021,7380.0
Alberta,Men+,6,2021,28730.0
Alberta,Women+,6,2021,27145.0
British Columbia,Men+,6,2021,24920.0
British Columbia,Women+,6,2021,23475.0
Yukon,Men+,6,2021,225.0
Yukon,Women+,6,2021,225.0
Northwest Territories,Men+,6,2021,280.0
Northwest Territories,Women+,6,2021,280.0
Nunavut,Men+,6,2021,410.0
Nunavut,Women+,6,2021,425.0
Newfoundland and Labrador,Men+,7,2021,2425.0
Newfoundland and Labrador,Women+,7,2021,2255.0
Prince Edward Island,Men+,7,2021,840.0
Prince Edward Island,Women+,7,2021,810.0
Nova Scotia,Men+,7,2021,4635.0
Nova Scotia,Women+,7,2021,4585.0
New Brunswick,Men+,7,2021,3905.0
New Brunswick,Women+,7,2021,3825.0
Quebec,Men+,7,2021,49025.0
Quebec,Women+,7,2021,46960.0
Ontario,Men+,7,2021,77940.0
Ontario,Women+,7,2021,74285.0
Manitoba,Men+,7,2021,8900.0
Manitoba,Women+,7,2021,8275.0
Saskatchewan,Men+,7,2021,7780.0
Saskatchewan,Women+,7,2021,7570.0
Alberta,Men+,7,2021,28365.0
Alberta,Women+,7,2021,26975.0
British Columbia,Men+,7,2021,25015.0
British Columbia,Women+,7,2021,23650.0
Yukon,Men+,7,2021,225.0
Yukon,Women+,7,2021,210.0
Northwest Territories,Men+,7,2021,285.0
Northwest Territories,Women+,7,2021,260.0
Nunavut,Men+,7,2021,410.0
Nunavut,Women+,7,2021,430.0
Newfoundland and Labrador,Men+,8,2021,2355.0
Newfoundland and Labrador,Women+,8,2021,2250.0
Prince Edward Island,Men+,8,2021,795.0
Prince Edward Island,Women+,8,2021,780.0
Nova Scotia,Men+,8,2021,4880.0
Nova Scotia,Women+,8,2021,4615.0
New Brunswick,Men+,8,2021,4020.0
New Brunswick,Women+,8,2021,3690.0
Quebec,Men+,8,2021,50405.0
Quebec,Women+,8,2021,47345.0
Ontario,Men+,8,2021,79915.0
Ontario,Women+,8,2021,75400.0
Manitoba,Men+,8,2021,9090.0
Manitoba,Women+,8,2021,8475.0
Saskatchewan,Men+,8,2021,8090.0
Saskatchewan,Women+,8,2021,7520.0
Alberta,Men+,8,2021,28630.0
Alberta,Women+,8,2021,27305.0
British Columbia,Men+,8,2021,25640.0
British Columbia,Women+,8,2021,24185.0
Yukon,Men+,8,2021,250.0
Yukon,Women+,8,2021,215.0
Northwest Territories,Men+,8,2021,265.0
Northwest Territories,Women+,8,2021,275.0
Nunavut,Men+,8,2021,420.0
Nunavut,Women+,8,2021,375.0
Newfoundland and Labrador,Men+,9,2021,2365.0
Newfoundland and Labrador,Women+,9,2021,2330.0
Prince Edward Island,Men+,9,2021,865.0
Prince Edward Island,Women+,9,2021,840.0
Nova Scotia,Men+,9,2021,4985.0
Nova Scotia,Women+,9,2021,4750.0
New Brunswick,Men+,9,2021,4000.0
New Brunswick,Women+,9,2021,3880.0
Quebec,Men+,9,2021,49940.0
Quebec,Women+,9,2021,47905.0
Ontario,Men+,9,2021,80655.0
Ontario,Women+,9,2021,76440.0
Manitoba,Men+,9,2021,8780.0
Manitoba,Women+,9,2021,8355.0
Saskatchewan,Men+,9,2021,7930.0
Saskatchewan,Women+,9,2021,7425.0
Alberta,Men+,9,2021,28880.0
Alberta,Women+,9,2021,26960.0
British Columbia,Men+,9,2021,25600.0
British Columbia,Women+,9,2021,23975.0
Yukon,Men+,9,2021,275.0
Yukon,Women+,9,2021,240.0
Northwest Territories,Men+,9,2021,295.0
Northwest Territories,Women+,9,2021,270.0
Nunavut,Men+,9,2021,355.0
Nunavut,Women+,9,2021,390.0
Newfoundland and Labrador,Men+,10,2021,2565.0
Newfoundland and Labrador,Women+,10,2021,2490.0
Prince Edward Island,Men+,10,2021,885.0
Prince Edward Island,Women+,10,2021,820.0
Nova Scotia,Men+,10,2021,5025.0
Nova Scotia,Women+,10,2021,4765.0
New Brunswick,Men+,10,2021,4055.0
New Brunswick,Women+,10,2021,3930.0
Quebec,Men+,10,2021,50565.0
Quebec,Women+,10,2021,48045.0
Ontario,Men+,10,2021,80690.0
Ontario,Women+,10,2021,76460.0
Manitoba,Men+,10,2021,8885.0
Manitoba,Women+,10,2021,8290.0
Saskatchewan,Men+,10,2021,8080.0
Saskatchewan,Women+,10,2021,7545.0
Alberta,Men+,10,2021,28645.0
Alberta,Women+,10,2021,27235.0
British Columbia,Men+,10,2021,25765.0
British Columbia,Women+,10,2021,24175.0
Yukon,Men+,10,2021,225.0
Yukon,Women+,10,2021,235.0
Northwest Territories,Men+,10,2021,280.0
Northwest Territories,Women+,10,2021,290.0
Nunavut,Men+,10,2021,400.0
Nunavut,Women+,10,2021,400.0
Newfoundland and Labrador,Men+,11,2021,2800.0
Newfoundland and Labrador,Women+,11,2021,2525.0
Prince Edward Island,Men+,11,2021,895.0
Prince Edward Island,Women+,11,2021,865.0
Nova Scotia,Men+,11,2021,5265.0
Nova Scotia,Women+,11,2021,4890.0
New Brunswick,Men+,11,2021,4070.0
New Brunswick,Women+,11,2021,4105.0
Quebec,Men+,11,2021,51220.0
Quebec,Women+,11,2021,48785.0
Ontario,Men+,11,2021,82210.0
Ontario,Women+,11,2021,78155.0
Manitoba,Men+,11,2021,8905.0
Manitoba,Women+,11,2021,8610.0
Saskatchewan,Men+,11,2021,7970.0
Saskatchewan,Women+,11,2021,7625.0
Alberta,Men+,11,2021,29605.0
Alberta,Women+,11,2021,27690.0
British Columbia,Men+,11,2021,26445.0
British Columbia,Women+,11,2021,24720.0
Yukon,Men+,11,2021,255.0
Yukon,Women+,11,2021,200.0
Northwest Territories,Men+,11,2021,310.0
Northwest Territories,Women+,11,2021,320.0
Nunavut,Men+,11,2021,380.0
Nunavut,Women+,11,2021,390.0
Newfoundland and Labrador,Men+,12,2021,2710.0
Newfoundland and Labrador,Women+,12,2021,2580.0
Prince Edward Island,Men+,12,2021,915.0
Prince Edward Island,Women+,12,2021,865.0
Nova Scotia,Men+,12,2021,5060.0
Nova Scotia,Women+,12,2021,4835.0
New Brunswick,Men+,12,2021,4215.0
New Brunswick,Women+,12,2021,4015.0
Quebec,Men+,12,2021,51350.0
Quebec,Women+,12,2021,48835.0
Ontario,Men+,12,2021,83390.0
Ontario,Women+,12,2021,78535.0
Manitoba,Men+,12,2021,8975.0
Manitoba,Women+,12,2021,8510.0
Saskatchewan,Men+,12,2021,8135.0
Saskatchewan,Women+,12,2021,7595.0
Alberta,Men+,12,2021,29310.0
Alberta,Women+,12,2021,27655.0
British Columbia,Men+,12,2021,27170.0
British Columbia,Women+,12,2021,24970.0
Yukon,Men+,12,2021,260.0
Yukon,Women+,12,2021,220.0
Northwest Territories,Men+,12,2021,265.0
Northwest Territories,Women+,12,2021,270.0
Nunavut,Men+,12,2021,350.0
Nunavut,Women+,12,2021,360.0
Newfoundland and Labrador,Men+,13,2021,2700.0
Newfoundland and Labrador,Women+,13,2021,2605.0
Prince Edward Island,Men+,13,2021,855.0
Prince Edward Island,Women+,13,2021,920.0
Nova Scotia,Men+,13,2021,5215.0
Nova Scotia,Women+,13,2021,4790.0
New Brunswick,Men+,13,2021,4315.0
New Brunswick,Women+,13,2021,3930.0
Quebec,Men+,13,2021,49705.0
Quebec,Women+,13,2021,47485.0
Ontario,Men+,13,2021,84385.0
Ontario,Women+,13,2021,79340.0
Manitoba,Men+,13,2021,8880.0
Manitoba,Women+,13,2021,8430.0
Saskatchewan,Men+,13,2021,8000.0
Saskatchewan,Women+,13,2021,7655.0
Alberta,Men+,13,2021,28975.0
Alberta,Women+,13,2021,27375.0
British Columbia,Men+,13,2021,26740.0
British Columbia,Women+,13,2021,25155.0
Yukon,Men+,13,2021,240.0
Yukon,Women+,13,2021,200.0
Northwest Territories,Men+,13,2021,260.0
Northwest Territories,Women+,13,2021,285.0
Nunavut,Men+,13,2021,360.0
Nunavut,Women+,13,2021,355.0
Newfoundland and Labrador,Men+,14,2021,2750.0
Newfoundland and Labrador,Women+,14,2021,2430.0
Prince Edward Island,Men+,14,2021,910.0
Prince Edward Island,Women+,14,2021,875.0
Nova Scotia,Men+,14,2021,4945.0
Nova Scotia,Women+,14,2021,4505.0
New Brunswick,Men+,14,2021,4105.0
New Brunswick,Women+,14,2021,3860.0
Quebec,Men+,14,2021,48010.0
Quebec,Women+,14,2021,45420.0
Ontario,Men+,14,2021,82535.0
Ontario,Women+,14,2021,78150.0
Manitoba,Men+,14,2021,8540.0
Manitoba,Women+,14,2021,8215.0
Saskatchewan,Men+,14,2021,7410.0
Saskatchewan,Women+,14,2021,7095.0
Alberta,Men+,14,2021,27925.0
Alberta,Women+,14,2021,26165.0
British Columbia,Men+,14,2021,26310.0
British Columbia,Women+,14,2021,24345.0
Yukon,Men+,14,2021,225.0
Yukon,Women+,14,2021,215.0
Northwest Territories,Men+,14,2021,305.0
Northwest Territories,Women+,14,2021,255.0
Nunavut,Men+,14,2021,355.0
Nunavut,Women+,14,2021,340.0
Newfoundland and Labrador,Men+,15,2021,2685.0
Newfoundland and Labrador,Women+,15,2021,2500.0
Prince Edward Island,Men+,15,2021,825.0
Prince Edward Island,Women+,15,2021,825.0
Nova Scotia,Men+,15,2021,4995.0
Nova Scotia,Women+,15,2021,4615.0
New Brunswick,Men+,15,2021,3995.0
New Brunswick,Women+,15,2021,3780.0
Quebec,Men+,15,2021,45580.0
Quebec,Women+,15,2021,43740.0
Ontario,Men+,15,2021,82325.0
Ontario,Women+,15,2021,76875.0
Manitoba,Men+,15,2021,8450.0
Manitoba,Women+,15,2021,7860.0
Saskatchewan,Men+,15,2021,7400.0
Saskatchewan,Women+,15,2021,6910.0
Alberta,Men+,15,2021,26585.0
Alberta,Women+,15,2021,25010.0
British Columbia,Men+,15,2021,25940.0
British Columbia,Women+,15,2021,24125.0
Yukon,Men+,15,2021,240.0
Yukon,Women+,15,2021,195.0
Northwest Territories,Men+,15,2021,295.0
Northwest Territories,Women+,15,2021,250.0
Nunavut,Men+,15,2021,290.0
Nunavut,Women+,15,2021,295.0
Newfoundland and Labrador,Men+,16,2021,2595.0
Newfoundland and Labrador,Women+,16,2021,2440.0
Prince Edward Island,Men+,16,2021,935.0
Prince Edward Island,Women+,16,2021,890.0
Nova Scotia,Men+,16,2021,4880.0
Nova Scotia,Women+,16,2021,4595.0
New Brunswick,Men+,16,2021,4020.0
New Brunswick,Women+,16,2021,3680.0
Quebec,Men+,16,2021,44040.0
Quebec,Women+,16,2021,41525.0
Ontario,Men+,16,2021,82250.0
Ontario,Women+,16,2021,77415.0
Manitoba,Men+,16,2021,8365.0
Manitoba,Women+,16,2021,7700.0
Saskatchewan,Men+,16,2021,7175.0
Saskatchewan,Women+,16,2021,6645.0
Alberta,Men+,16,2021,26410.0
Alberta,Women+,16,2021,24520.0
British Columbia,Men+,16,2021,26060.0
British Columbia,Women+,16,2021,24575.0
Yukon,Men+,16,2021,225.0
Yukon,Women+,16,2021,210.0
Northwest Territories,Men+,16,2021,275.0
Northwest Territories,Women+,16,2021,240.0
Nunavut,Men+,16,2021,330.0
Nunavut,Women+,16,2021,335.0
Newfoundland and Labrador,Men+,17,2021,2740.0
Newfoundland and Labrador,Women+,17,2021,2460.0
Prince Edward Island,Men+,17,2021,885.0
Prince Edward Island,Women+,17,2021,815.0
Nova Scotia,Men+,17,2021,4915.0
Nova Scotia,Women+,17,2021,4690.0
New Brunswick,Men+,17,2021,4055.0
New Brunswick,Women+,17,2021,3935.0
Quebec,Men+,17,2021,43395.0
Quebec,Women+,17,2021,41525.0
Ontario,Men+,17,2021,82915.0
Ontario,Women+,17,2021,77465.0
Manitoba,Men+,17,2021,8330.0
Manitoba,Women+,17,2021,8035.0
Saskatchewan,Men+,17,2021,7240.0
Saskatchewan,Women+,17,2021,6770.0
Alberta,Men+,17,2021,26020.0
Alberta,Women+,17,2021,24385.0
British Columbia,Men+,17,2021,26460.0
British Columbia,Women+,17,2021,24485.0
Yukon,Men+,17,2021,230.0
Yukon,Women+,17,2021,215.0
Northwest Territories,Men+,17,2021,265.0
Northwest Territories,Women+,17,2021,250.0
Nunavut,Men+,17,2021,305.0
Nunavut,Women+,17,2021,330.0
Newfoundland and Labrador,Men+,18,2021,2600.0
Newfoundland and Labrador,Women+,18,2021,2545.0
Prince Edward Island,Men+,18,2021,820.0
Prince Edward Island,Women+,18,2021,860.0
Nova Scotia,Men+,18,2021,4900.0
Nova Scotia,Women+,18,2021,4585.0
New Brunswick,Men+,18,2021,4040.0
New Brunswick,Women+,18,2021,3750.0
Quebec,Men+,18,2021,42485.0
Quebec,Women+,18,2021,40900.0
Ontario,Men+,18,2021,81465.0
Ontario,Women+,18,2021,76595.0
Manitoba,Men+,18,2021,8325.0
Manitoba,Women+,18,2021,7620.0
Saskatchewan,Men+,18,2021,6805.0
Saskatchewan,Women+,18,2021,6295.0
Alberta,Men+,18,2021,25060.0
Alberta,Women+,18,2021,24085.0
British Columbia,Men+,18,2021,26185.0
British Columbia,Women+,18,2021,24390.0
Yukon,Men+,18,2021,200.0
Yukon,Women+,18,2021,180.0
Northwest Territories,Men+,18,2021,235.0
Northwest Territories,Women+,18,2021,260.0
Nunavut,Men+,18,2021,320.0
Nunavut,Women+,18,2021,300.0
Newfoundland and Labrador,Men+,19,2021,2660.0
Newfoundland and Labrador,Women+,19,2021,2505.0
Prince Edward Island,Men+,19,2021,870.0
Prince Edward Island,Women+,19,2021,835.0
Nova Scotia,Men+,19,2021,5075.0
Nova Scotia,Women+,19,2021,4925.0
New Brunswick,Men+,19,2021,3995.0
New Brunswick,Women+,19,2021,3845.0
Quebec,Men+,19,2021,43905.0
Quebec,Women+,19,2021,42300.0
Ontario,Men+,19,2021,84525.0
Ontario,Women+,19,2021,79625.0
Manitoba,Men+,19,2021,8475.0
Manitoba,Women+,19,2021,7745.0
Saskatchewan,Men+,19,2021,6900.0
Saskatchewan,Women+,19,2021,6360.0
Alberta,Men+,19,2021,24675.0
Alberta,Women+,19,2021,23015.0
British Columbia,Men+,19,2021,26590.0
British Columbia,Women+,19,2021,24865.0
Yukon,Men+,19,2021,190.0
Yukon,Women+,19,2021,200.0
Northwest Territories,Men+,19,2021,210.0
Northwest Territories,Women+,19,2021,250.0
Nunavut,Men+,19,2021,295.0
Nunavut,Women+,19,2021,290.0
Newfoundland and Labrador,Men+,20,2021,2735.0
Newfoundland and Labrador,Women+,20,2021,2485.0
Prince Edward Island,Men+,20,2021,960.0
Prince Edward Island,Women+,20,2021,940.0
Nova Scotia,Men+,20,2021,5425.0
Nova Scotia,Women+,20,2021,5145.0
New Brunswick,Men+,20,2021,4100.0
New Brunswick,Women+,20,2021,4015.0
Quebec,Men+,20,2021,45460.0
Quebec,Women+,20,2021,43415.0
Ontario,Men+,20,2021,89300.0
Ontario,Women+,20,2021,82565.0
Manitoba,Men+,20,2021,9160.0
Manitoba,Women+,20,2021,8530.0
Saskatchewan,Men+,20,2021,6900.0
Saskatchewan,Women+,20,2021,6380.0
Alberta,Men+,20,2021,25435.0
Alberta,Women+,20,2021,23595.0
British Columbia,Men+,20,2021,28690.0
British Columbia,Women+,20,2021,27020.0
Yukon,Men+,20,2021,205.0
Yukon,Women+,20,2021,195.0
Northwest Territories,Men+,20,2021,235.0
Northwest Territories,Women+,20,2021,250.0
Nunavut,Men+,20,2021,325.0
Nunavut,Women+,20,2021,285.0
Newfoundland and Labrador,Men+,21,2021,2765.0
Newfoundland and Labrador,Women+,21,2021,2590.0
Prince Edward Island,Men+,21,2021,1070.0
Prince Edward Island,Women+,21,2021,1060.0
Nova Scotia,Men+,21,2021,5935.0
Nova Scotia,Women+,21,2021,5740.0
New Brunswick,Men+,21,2021,4630.0
New Brunswick,Women+,21,2021,4135.0
Quebec,Men+,21,2021,46445.0
Quebec,Women+,21,2021,44680.0
Ontario,Men+,21,2021,92745.0
Ontario,Women+,21,2021,84865.0
Manitoba,Men+,21,2021,10170.0
Manitoba,Women+,21,2021,8855.0
Saskatchewan,Men+,21,2021,7045.0
Saskatchewan,Women+,21,2021,6625.0
Alberta,Men+,21,2021,25840.0
Alberta,Women+,21,2021,24100.0
British Columbia,Men+,21,2021,29580.0
British Columbia,Women+,21,2021,28030.0
Yukon,Men+,21,2021,190.0
Yukon,Women+,21,2021,210.0
Northwest Territories,Men+,21,2021,235.0
Northwest Territories,Women+,21,2021,260.0
Nunavut,Men+,21,2021,325.0
Nunavut,Women+,21,2021,270.0
Newfoundland and Labrador,Men+,22,2021,2760.0
Newfoundland and Labrador,Women+,22,2021,2525.0
Prince Edward Island,Men+,22,2021,1235.0
Prince Edward Island,Women+,22,2021,1070.0
Nova Scotia,Men+,22,2021,6200.0
Nova Scotia,Women+,22,2021,5590.0
New Brunswick,Men+,22,2021,4495.0
New Brunswick,Women+,22,2021,4080.0
Quebec,Men+,22,2021,45825.0
Quebec,Women+,22,2021,43860.0
Ontario,Men+,22,2021,91315.0
Ontario,Women+,22,2021,84925.0
Manitoba,Men+,22,2021,9955.0
Manitoba,Women+,22,2021,8745.0
Saskatchewan,Men+,22,2021,6870.0
Saskatchewan,Women+,22,2021,6335.0
Alberta,Men+,22,2021,25480.0
Alberta,Women+,22,2021,24070.0
British Columbia,Men+,22,2021,29935.0
British Columbia,Women+,22,2021,28320.0
Yukon,Men+,22,2021,205.0
Yukon,Women+,22,2021,195.0
Northwest Territories,Men+,22,2021,265.0
Northwest Territories,Women+,22,2021,210.0
Nunavut,Men+,22,2021,275.0
Nunavut,Women+,22,2021,280.0
Newfoundland and Labrador,Men+,23,2021,2730.0
Newfoundland and Labrador,Women+,23,2021,2500.0
Prince Edward Island,Men+,23,2021,1195.0
Prince Edward Island,Women+,23,2021,995.0
Nova Scotia,Men+,23,2021,6355.0
Nova Scotia,Women+,23,2021,5765.0
New Brunswick,Men+,23,2021,4390.0
New Brunswick,Women+,23,2021,4105.0
Quebec,Men+,23,2021,47260.0
Quebec,Women+,23,2021,45805.0
Ontario,Men+,23,2021,95195.0
Ontario,Women+,23,2021,87835.0
Manitoba,Men+,23,2021,9600.0
Manitoba,Women+,23,2021,8555.0
Saskatchewan,Men+,23,2021,6815.0
Saskatchewan,Women+,23,2021,6430.0
Alberta,Men+,23,2021,25550.0
Alberta,Women+,23,2021,23915.0
British Columbia,Men+,23,2021,30820.0
British Columbia,Women+,23,2021,29500.0
Yukon,Men+,23,2021,240.0
Yukon,Women+,23,2021,235.0
Northwest Territories,Men+,23,2021,300.0
Northwest Territories,Women+,23,2021,230.0
Nunavut,Men+,23,2021,295.0
Nunavut,Women+,23,2021,260.0
Newfoundland and Labrador,Men+,24,2021,2565.0
Newfoundland and Labrador,Women+,24,2021,2420.0
Prince Edward Island,Men+,24,2021,1110.0
Prince Edward Island,Women+,24,2021,940.0
Nova Scotia,Men+,24,2021,6200.0
Nova Scotia,Women+,24,2021,5655.0
New Brunswick,Men+,24,2021,4375.0
New Brunswick,Women+,24,2021,3800.0
Quebec,Men+,24,2021,50260.0
Quebec,Women+,24,2021,47650.0
Ontario,Men+,24,2021,96970.0
Ontario,Women+,24,2021,89890.0
Manitoba,Men+,24,2021,9380.0
Manitoba,Women+,24,2021,8475.0
Saskatchewan,Men+,24,2021,6955.0
Saskatchewan,Women+,24,2021,6530.0
Alberta,Men+,24,2021,26285.0
Alberta,Women+,24,2021,24470.0
British Columbia,Men+,24,2021,32475.0
British Columbia,Women+,24,2021,30270.0
Yukon,Men+,24,2021,245.0
Yukon,Women+,24,2021,225.0
Northwest Territories,Men+,24,2021,305.0
Northwest Territories,Women+,24,2021,265.0
Nunavut,Men+,24,2021,255.0
Nunavut,Women+,24,2021,280.0
Newfoundland and Labrador,Men+,25,2021,2545.0
Newfoundland and Labrador,Women+,25,2021,2440.0
Prince Edward Island,Men+,25,2021,1110.0
Prince Edward Island,Women+,25,2021,930.0
Nova Scotia,Men+,25,2021,6265.0
Nova Scotia,Women+,25,2021,6045.0
New Brunswick,Men+,25,2021,4355.0
New Brunswick,Women+,25,2021,3995.0
Quebec,Men+,25,2021,51385.0
Quebec,Women+,25,2021,49750.0
Ontario,Men+,25,2021,100575.0
Ontario,Women+,25,2021,93920.0
Manitoba,Men+,25,2021,9365.0
Manitoba,Women+,25,2021,8780.0
Saskatchewan,Men+,25,2021,6915.0
Saskatchewan,Women+,25,2021,6520.0
Alberta,Men+,25,2021,26900.0
Alberta,Women+,25,2021,25705.0
British Columbia,Men+,25,2021,33370.0
British Columbia,Women+,25,2021,32105.0
Yukon,Men+,25,2021,235.0
Yukon,Women+,25,2021,210.0
Northwest Territories,Men+,25,2021,315.0
Northwest Territories,Women+,25,2021,315.0
Nunavut,Men+,25,2021,330.0
Nunavut,Women+,25,2021,295.0
Newfoundland and Labrador,Men+,26,2021,2535.0
Newfoundland and Labrador,Women+,26,2021,2360.0
Prince Edward Island,Men+,26,2021,960.0
Prince Edward Island,Women+,26,2021,895.0
Nova Scotia,Men+,26,2021,6165.0
Nova Scotia,Women+,26,2021,5950.0
New Brunswick,Men+,26,2021,4320.0
New Brunswick,Women+,26,2021,4080.0
Quebec,Men+,26,2021,52140.0
Quebec,Women+,26,2021,50820.0
Ontario,Men+,26,2021,101730.0
Ontario,Women+,26,2021,94735.0
Manitoba,Men+,26,2021,9320.0
Manitoba,Women+,26,2021,8890.0
Saskatchewan,Men+,26,2021,6850.0
Saskatchewan,Women+,26,2021,6845.0
Alberta,Men+,26,2021,26890.0
Alberta,Women+,26,2021,26000.0
British Columbia,Men+,26,2021,33885.0
British Columbia,Women+,26,2021,32205.0
Yukon,Men+,26,2021,235.0
Yukon,Women+,26,2021,280.0
Northwest Territories,Men+,26,2021,330.0
Northwest Territories,Women+,26,2021,280.0
Nunavut,Men+,26,2021,295.0
Nunavut,Women+,26,2021,325.0
Newfoundland and Labrador,Men+,27,2021,2450.0
Newfoundland and Labrador,Women+,27,2021,2450.0
Prince Edward Island,Men+,27,2021,875.0
Prince Edward Island,Women+,27,2021,885.0
Nova Scotia,Men+,27,2021,5930.0
Nova Scotia,Women+,27,2021,6000.0
New Brunswick,Men+,27,2021,4365.0
New Brunswick,Women+,27,2021,4200.0
Quebec,Men+,27,2021,52825.0
Quebec,Women+,27,2021,51585.0
Ontario,Men+,27,2021,97735.0
Ontario,Women+,27,2021,94825.0
Manitoba,Men+,27,2021,9265.0
Manitoba,Women+,27,2021,8765.0
Saskatchewan,Men+,27,2021,7160.0
Saskatchewan,Women+,27,2021,6945.0
Alberta,Men+,27,2021,27395.0
Alberta,Women+,27,2021,26920.0
British Columbia,Men+,27,2021,33755.0
British Columbia,Women+,27,2021,33005.0
Yukon,Men+,27,2021,250.0
Yukon,Women+,27,2021,280.0
Northwest Territories,Men+,27,2021,325.0
Northwest Territories,Women+,27,2021,310.0
Nunavut,Men+,27,2021,270.0
Nunavut,Women+,27,2021,320.0
Newfoundland and Labrador,Men+,28,2021,2495.0
Newfoundland and Labrador,Women+,28,2021,2525.0
Prince Edward Island,Men+,28,2021,885.0
Prince Edward Island,Women+,28,2021,840.0
Nova Scotia,Men+,28,2021,6070.0
Nova Scotia,Women+,28,2021,6030.0
New Brunswick,Men+,28,2021,4340.0
New Brunswick,Women+,28,2021,4205.0
Quebec,Men+,28,2021,54360.0
Quebec,Women+,28,2021,53440.0
Ontario,Men+,28,2021,98955.0
Ontario,Women+,28,2021,96335.0
Manitoba,Men+,28,2021,9050.0
Manitoba,Women+,28,2021,8835.0
Saskatchewan,Men+,28,2021,7330.0
Saskatchewan,Women+,28,2021,7010.0
Alberta,Men+,28,2021,28045.0
Alberta,Women+,28,2021,28575.0
British Columbia,Men+,28,2021,34450.0
British Columbia,Women+,28,2021,34110.0
Yukon,Men+,28,2021,285.0
Yukon,Women+,28,2021,315.0
Northwest Territories,Men+,28,2021,325.0
Northwest Territories,Women+,28,2021,310.0
Nunavut,Men+,28,2021,315.0
Nunavut,Women+,28,2021,265.0
Newfoundland and Labrador,Men+,29,2021,2585.0
Newfoundland and Labrador,Women+,29,2021,2660.0
Prince Edward Island,Men+,29,2021,940.0
Prince Edward Island,Women+,29,2021,890.0
Nova Scotia,Men+,29,2021,5960.0
Nova Scotia,Women+,29,2021,6025.0
New Brunswick,Men+,29,2021,4290.0
New Brunswick,Women+,29,2021,4235.0
Quebec,Men+,29,2021,55745.0
Quebec,Women+,29,2021,55100.0
Ontario,Men+,29,2021,98190.0
Ontario,Women+,29,2021,98400.0
Manitoba,Men+,29,2021,9245.0
Manitoba,Women+,29,2021,8960.0
Saskatchewan,Men+,29,2021,7165.0
Saskatchewan,Women+,29,2021,7295.0
Alberta,Men+,29,2021,29285.0
Alberta,Women+,29,2021,29765.0
British Columbia,Men+,29,2021,35050.0
British Columbia,Women+,29,2021,35155.0
Yukon,Men+,29,2021,305.0
Yukon,Women+,29,2021,305.0
Northwest Territories,Men+,29,2021,315.0
Northwest Territories,Women+,29,2021,320.0
Nunavut,Men+,29,2021,265.0
Nunavut,Women+,29,2021,315.0
Newfoundland and Labrador,Men+,30,2021,2745.0
Newfoundland and Labrador,Women+,30,2021,2790.0
Prince Edward Island,Men+,30,2021,875.0
Prince Edward Island,Women+,30,2021,960.0
Nova Scotia,Men+,30,2021,6095.0
Nova Scotia,Women+,30,2021,6195.0
New Brunswick,Men+,30,2021,4450.0
New Brunswick,Women+,30,2021,4380.0
Quebec,Men+,30,2021,56875.0
Quebec,Women+,30,2021,56405.0
Ontario,Men+,30,2021,100825.0
Ontario,Women+,30,2021,100235.0
Manitoba,Men+,30,2021,9425.0
Manitoba,Women+,30,2021,9390.0
Saskatchewan,Men+,30,2021,7775.0
Saskatchewan,Women+,30,2021,7655.0
Alberta,Men+,30,2021,31145.0
Alberta,Women+,30,2021,31495.0
British Columbia,Men+,30,2021,36580.0
British Columbia,Women+,30,2021,36125.0
Yukon,Men+,30,2021,365.0
Yukon,Women+,30,2021,350.0
Northwest Territories,Men+,30,2021,360.0
Northwest Territories,Women+,30,2021,385.0
Nunavut,Men+,30,2021,340.0
Nunavut,Women+,30,2021,340.0
Newfoundland and Labrador,Men+,31,2021,2790.0
Newfoundland and Labrador,Women+,31,2021,2895.0
Prince Edward Island,Men+,31,2021,910.0
Prince Edward Island,Women+,31,2021,925.0
Nova Scotia,Men+,31,2021,6180.0
Nova Scotia,Women+,31,2021,6200.0
New Brunswick,Men+,31,2021,4330.0
New Brunswick,Women+,31,2021,4360.0
Quebec,Men+,31,2021,55465.0
Quebec,Women+,31,2021,55505.0
Ontario,Men+,31,2021,100690.0
Ontario,Women+,31,2021,101315.0
Manitoba,Men+,31,2021,9315.0
Manitoba,Women+,31,2021,9345.0
Saskatchewan,Men+,31,2021,7895.0
Saskatchewan,Women+,31,2021,7900.0
Alberta,Men+,31,2021,32285.0
Alberta,Women+,31,2021,32765.0
British Columbia,Men+,31,2021,36590.0
British Columbia,Women+,31,2021,36715.0
Yukon,Men+,31,2021,320.0
Yukon,Women+,31,2021,360.0
Northwest Territories,Men+,31,2021,350.0
Northwest Territories,Women+,31,2021,355.0
Nunavut,Men+,31,2021,310.0
Nunavut,Women+,31,2021,290.0
Newfoundland and Labrador,Men+,32,2021,2615.0
Newfoundland and Labrador,Women+,32,2021,2670.0
Prince Edward Island,Men+,32,2021,860.0
Prince Edward Island,Women+,32,2021,925.0
Nova Scotia,Men+,32,2021,5745.0
Nova Scotia,Women+,32,2021,6025.0
New Brunswick,Men+,32,2021,4225.0
New Brunswick,Women+,32,2021,4380.0
Quebec,Men+,32,2021,52820.0
Quebec,Women+,32,2021,52490.0
Ontario,Men+,32,2021,97065.0
Ontario,Women+,32,2021,98325.0
Manitoba,Men+,32,2021,9070.0
Manitoba,Women+,32,2021,9130.0
Saskatchewan,Men+,32,2021,7655.0
Saskatchewan,Women+,32,2021,8110.0
Alberta,Men+,32,2021,32130.0
Alberta,Women+,32,2021,32715.0
British Columbia,Men+,32,2021,35985.0
British Columbia,Women+,32,2021,35925.0
Yukon,Men+,32,2021,320.0
Yukon,Women+,32,2021,350.0
Northwest Territories,Men+,32,2021,330.0
Northwest Territories,Women+,32,2021,355.0
Nunavut,Men+,32,2021,320.0
Nunavut,Women+,32,2021,305.0
Newfoundland and Labrador,Men+,33,2021,2635.0
Newfoundland and Labrador,Women+,33,2021,2850.0
Prince Edward Island,Men+,33,2021,830.0
Prince Edward Island,Women+,33,2021,895.0
Nova Scotia,Men+,33,2021,5530.0
Nova Scotia,Women+,33,2021,5995.0
New Brunswick,Men+,33,2021,4275.0
New Brunswick,Women+,33,2021,4320.0
Quebec,Men+,33,2021,51125.0
Quebec,Women+,33,2021,51480.0
Ontario,Men+,33,2021,94585.0
Ontario,Women+,33,2021,96650.0
Manitoba,Men+,33,2021,8840.0
Manitoba,Women+,33,2021,9105.0
Saskatchewan,Men+,33,2021,7835.0
Saskatchewan,Women+,33,2021,7735.0
Alberta,Men+,33,2021,31860.0
Alberta,Women+,33,2021,32560.0
British Columbia,Men+,33,2021,34850.0
British Columbia,Women+,33,2021,35530.0
Yukon,Men+,33,2021,320.0
Yukon,Women+,33,2021,350.0
Northwest Territories,Men+,33,2021,360.0
Northwest Territories,Women+,33,2021,365.0
Nunavut,Men+,33,2021,315.0
Nunavut,Women+,33,2021,275.0
Newfoundland and Labrador,Men+,34,2021,2730.0
Newfoundland and Labrador,Women+,34,2021,2800.0
Prince Edward Island,Men+,34,2021,845.0
Prince Edward Island,Women+,34,2021,980.0
Nova Scotia,Men+,34,2021,5745.0
Nova Scotia,Women+,34,2021,5865.0
New Brunswick,Men+,34,2021,4385.0
New Brunswick,Women+,34,2021,4375.0
Quebec,Men+,34,2021,51490.0
Quebec,Women+,34,2021,52395.0
Ontario,Men+,34,2021,94300.0
Ontario,Women+,34,2021,97220.0
Manitoba,Men+,34,2021,9160.0
Manitoba,Women+,34,2021,9035.0
Saskatchewan,Men+,34,2021,7770.0
Saskatchewan,Women+,34,2021,8060.0
Alberta,Men+,34,2021,32765.0
Alberta,Women+,34,2021,33550.0
British Columbia,Men+,34,2021,34920.0
British Columbia,Women+,34,2021,35365.0
Yukon,Men+,34,2021,335.0
Yukon,Women+,34,2021,345.0
Northwest Territories,Men+,34,2021,315.0
Northwest Territories,Women+,34,2021,340.0
Nunavut,Men+,34,2021,275.0
Nunavut,Women+,34,2021,275.0
Newfoundland and Labrador,Men+,35,2021,2720.0
Newfoundland and Labrador,Women+,35,2021,2930.0
Prince Edward Island,Men+,35,2021,900.0
Prince Edward Island,Women+,35,2021,915.0
Nova Scotia,Men+,35,2021,5625.0
Nova Scotia,Women+,35,2021,5840.0
New Brunswick,Men+,35,2021,4430.0
New Brunswick,Women+,35,2021,4550.0
Quebec,Men+,35,2021,53335.0
Quebec,Women+,35,2021,53380.0
Ontario,Men+,35,2021,95440.0
Ontario,Women+,35,2021,98325.0
Manitoba,Men+,35,2021,9200.0
Manitoba,Women+,35,2021,9255.0
Saskatchewan,Men+,35,2021,8065.0
Saskatchewan,Women+,35,2021,8070.0
Alberta,Men+,35,2021,34055.0
Alberta,Women+,35,2021,34145.0
British Columbia,Men+,35,2021,35700.0
British Columbia,Women+,35,2021,35790.0
Yukon,Men+,35,2021,345.0
Yukon,Women+,35,2021,410.0
Northwest Territories,Men+,35,2021,325.0
Northwest Territories,Women+,35,2021,315.0
Nunavut,Men+,35,2021,260.0
Nunavut,Women+,35,2021,275.0
Newfoundland and Labrador,Men+,36,2021,2905.0
Newfoundland and Labrador,Women+,36,2021,3035.0
Prince Edward Island,Men+,36,2021,870.0
Prince Edward Island,Women+,36,2021,885.0
Nova Scotia,Men+,36,2021,5690.0
Nova Scotia,Women+,36,2021,5925.0
New Brunswick,Men+,36,2021,4360.0
New Brunswick,Women+,36,2021,4665.0
Quebec,Men+,36,2021,53860.0
Quebec,Women+,36,2021,54780.0
Ontario,Men+,36,2021,94825.0
Ontario,Women+,36,2021,98630.0
Manitoba,Men+,36,2021,8980.0
Manitoba,Women+,36,2021,9230.0
Saskatchewan,Men+,36,2021,8040.0
Saskatchewan,Women+,36,2021,8050.0
Alberta,Men+,36,2021,34050.0
Alberta,Women+,36,2021,34335.0
British Columbia,Men+,36,2021,35905.0
British Columbia,Women+,36,2021,35970.0
Yukon,Men+,36,2021,350.0
Yukon,Women+,36,2021,350.0
Northwest Territories,Men+,36,2021,295.0
Northwest Territories,Women+,36,2021,310.0
Nunavut,Men+,36,2021,275.0
Nunavut,Women+,36,2021,230.0
Newfoundland and Labrador,Men+,37,2021,2840.0
Newfoundland and Labrador,Women+,37,2021,3080.0
Prince Edward Island,Men+,37,2021,810.0
Prince Edward Island,Women+,37,2021,960.0
Nova Scotia,Men+,37,2021,5605.0
Nova Scotia,Women+,37,2021,5945.0
New Brunswick,Men+,37,2021,4480.0
New Brunswick,Women+,37,2021,4780.0
Quebec,Men+,37,2021,54965.0
Quebec,Women+,37,2021,55155.0
Ontario,Men+,37,2021,92635.0
Ontario,Women+,37,2021,96610.0
Manitoba,Men+,37,2021,9010.0
Manitoba,Women+,37,2021,9130.0
Saskatchewan,Men+,37,2021,7860.0
Saskatchewan,Women+,37,2021,8040.0
Alberta,Men+,37,2021,33895.0
Alberta,Women+,37,2021,34500.0
British Columbia,Men+,37,2021,34775.0
British Columbia,Women+,37,2021,35575.0
Yukon,Men+,37,2021,310.0
Yukon,Women+,37,2021,365.0
Northwest Territories,Men+,37,2021,330.0
Northwest Territories,Women+,37,2021,310.0
Nunavut,Men+,37,2021,220.0
Nunavut,Women+,37,2021,230.0
Newfoundland and Labrador,Men+,38,2021,2900.0
Newfoundland and Labrador,Women+,38,2021,3030.0
Prince Edward Island,Men+,38,2021,870.0
Prince Edward Island,Women+,38,2021,955.0
Nova Scotia,Men+,38,2021,5635.0
Nova Scotia,Women+,38,2021,6085.0
New Brunswick,Men+,38,2021,4640.0
New Brunswick,Women+,38,2021,4845.0
Quebec,Men+,38,2021,54835.0
Quebec,Women+,38,2021,55790.0
Ontario,Men+,38,2021,91535.0
Ontario,Women+,38,2021,96400.0
Manitoba,Men+,38,2021,8825.0
Manitoba,Women+,38,2021,8905.0
Saskatchewan,Men+,38,2021,7720.0
Saskatchewan,Women+,38,2021,8160.0
Alberta,Men+,38,2021,33725.0
Alberta,Women+,38,2021,33990.0
British Columbia,Men+,38,2021,34775.0
British Columbia,Women+,38,2021,35460.0
Yukon,Men+,38,2021,340.0
Yukon,Women+,38,2021,335.0
Northwest Territories,Men+,38,2021,325.0
Northwest Territories,Women+,38,2021,295.0
Nunavut,Men+,38,2021,240.0
Nunavut,Women+,38,2021,230.0
Newfoundland and Labrador,Men+,39,2021,2845.0
Newfoundland and Labrador,Women+,39,2021,3160.0
Prince Edward Island,Men+,39,2021,840.0
Prince Edward Island,Women+,39,2021,970.0
Nova Scotia,Men+,39,2021,5405.0
Nova Scotia,Women+,39,2021,6005.0
New Brunswick,Men+,39,2021,4565.0
New Brunswick,Women+,39,2021,4610.0
Quebec,Men+,39,2021,57365.0
Quebec,Women+,39,2021,56980.0
Ontario,Men+,39,2021,88735.0
Ontario,Women+,39,2021,94895.0
Manitoba,Men+,39,2021,8675.0
Manitoba,Women+,39,2021,8935.0
Saskatchewan,Men+,39,2021,7690.0
Saskatchewan,Women+,39,2021,7725.0
Alberta,Men+,39,2021,32660.0
Alberta,Women+,39,2021,33585.0
British Columbia,Men+,39,2021,34020.0
British Columbia,Women+,39,2021,35385.0
Yukon,Men+,39,2021,315.0
Yukon,Women+,39,2021,310.0
Northwest Territories,Men+,39,2021,290.0
Northwest Territories,Women+,39,2021,335.0
Nunavut,Men+,39,2021,200.0
Nunavut,Women+,39,2021,215.0
Newfoundland and Labrador,Men+,40,2021,2875.0
Newfoundland and Labrador,Women+,40,2021,3150.0
Prince Edward Island,Men+,40,2021,830.0
Prince Edward Island,Women+,40,2021,930.0
Nova Scotia,Men+,40,2021,5460.0
Nova Scotia,Women+,40,2021,5930.0
New Brunswick,Men+,40,2021,4540.0
New Brunswick,Women+,40,2021,4825.0
Quebec,Men+,40,2021,58860.0
Quebec,Women+,40,2021,59060.0
Ontario,Men+,40,2021,89000.0
Ontario,Women+,40,2021,94800.0
Manitoba,Men+,40,2021,8785.0
Manitoba,Women+,40,2021,8975.0
Saskatchewan,Men+,40,2021,7750.0
Saskatchewan,Women+,40,2021,7605.0
Alberta,Men+,40,2021,32605.0
Alberta,Women+,40,2021,32675.0
British Columbia,Men+,40,2021,33285.0
British Columbia,Women+,40,2021,34280.0
Yukon,Men+,40,2021,315.0
Yukon,Women+,40,2021,350.0
Northwest Territories,Men+,40,2021,340.0
Northwest Territories,Women+,40,2021,315.0
Nunavut,Men+,40,2021,245.0
Nunavut,Women+,40,2021,245.0
Newfoundland and Labrador,Men+,41,2021,2935.0
Newfoundland and Labrador,Women+,41,2021,3260.0
Prince Edward Island,Men+,41,2021,845.0
Prince Edward Island,Women+,41,2021,955.0
Nova Scotia,Men+,41,2021,5525.0
Nova Scotia,Women+,41,2021,6065.0
New Brunswick,Men+,41,2021,4660.0
New Brunswick,Women+,41,2021,4850.0
Quebec,Men+,41,2021,58980.0
Quebec,Women+,41,2021,58675.0
Ontario,Men+,41,2021,86865.0
Ontario,Women+,41,2021,93220.0
Manitoba,Men+,41,2021,8425.0
Manitoba,Women+,41,2021,8695.0
Saskatchewan,Men+,41,2021,7475.0
Saskatchewan,Women+,41,2021,7445.0
Alberta,Men+,41,2021,31725.0
Alberta,Women+,41,2021,31770.0
British Columbia,Men+,41,2021,31970.0
British Columbia,Women+,41,2021,33530.0
Yukon,Men+,41,2021,265.0
Yukon,Women+,41,2021,295.0
Northwest Territories,Men+,41,2021,305.0
Northwest Territories,Women+,41,2021,335.0
Nunavut,Men+,41,2021,215.0
Nunavut,Women+,41,2021,215.0
Newfoundland and Labrador,Men+,42,2021,2965.0
Newfoundland and Labrador,Women+,42,2021,3105.0
Prince Edward Island,Men+,42,2021,925.0
Prince Edward Island,Women+,42,2021,970.0
Nova Scotia,Men+,42,2021,5365.0
Nova Scotia,Women+,42,2021,5985.0
New Brunswick,Men+,42,2021,4505.0
New Brunswick,Women+,42,2021,4635.0
Quebec,Men+,42,2021,56925.0
Quebec,Women+,42,2021,57080.0
Ontario,Men+,42,2021,84525.0
Ontario,Women+,42,2021,92080.0
Manitoba,Men+,42,2021,8300.0
Manitoba,Women+,42,2021,8570.0
Saskatchewan,Men+,42,2021,7385.0
Saskatchewan,Women+,42,2021,7235.0
Alberta,Men+,42,2021,30580.0
Alberta,Women+,42,2021,30800.0
British Columbia,Men+,42,2021,31185.0
British Columbia,Women+,42,2021,32500.0
Yukon,Men+,42,2021,280.0
Yukon,Women+,42,2021,275.0
Northwest Territories,Men+,42,2021,245.0
Northwest Territories,Women+,42,2021,300.0
Nunavut,Men+,42,2021,235.0
Nunavut,Women+,42,2021,190.0
Newfoundland and Labrador,Men+,43,2021,3020.0
Newfoundland and Labrador,Women+,43,2021,3255.0
Prince Edward Island,Men+,43,2021,910.0
Prince Edward Island,Women+,43,2021,935.0
Nova Scotia,Men+,43,2021,5230.0
Nova Scotia,Women+,43,2021,5750.0
New Brunswick,Men+,43,2021,4605.0
New Brunswick,Women+,43,2021,4835.0
Quebec,Men+,43,2021,55955.0
Quebec,Women+,43,2021,55905.0
Ontario,Men+,43,2021,83900.0
Ontario,Women+,43,2021,90940.0
Manitoba,Men+,43,2021,8170.0
Manitoba,Women+,43,2021,8310.0
Saskatchewan,Men+,43,2021,7075.0
Saskatchewan,Women+,43,2021,7055.0
Alberta,Men+,43,2021,29715.0
Alberta,Women+,43,2021,29470.0
British Columbia,Men+,43,2021,30130.0
British Columbia,Women+,43,2021,31550.0
Yukon,Men+,43,2021,280.0
Yukon,Women+,43,2021,280.0
Northwest Territories,Men+,43,2021,280.0
Northwest Territories,Women+,43,2021,285.0
Nunavut,Men+,43,2021,195.0
Nunavut,Women+,43,2021,185.0
Newfoundland and Labrador,Men+,44,2021,2990.0
Newfoundland and Labrador,Women+,44,2021,3340.0
Prince Edward Island,Men+,44,2021,845.0
Prince Edward Island,Women+,44,2021,980.0
Nova Scotia,Men+,44,2021,5325.0
Nova Scotia,Women+,44,2021,5790.0
New Brunswick,Men+,44,2021,4795.0
New Brunswick,Women+,44,2021,5080.0
Quebec,Men+,44,2021,55680.0
Quebec,Women+,44,2021,55450.0
Ontario,Men+,44,2021,83585.0
Ontario,Women+,44,2021,91255.0
Manitoba,Men+,44,2021,8005.0
Manitoba,Women+,44,2021,8295.0
Saskatchewan,Men+,44,2021,6985.0
Saskatchewan,Women+,44,2021,7035.0
Alberta,Men+,44,2021,29085.0
Alberta,Women+,44,2021,29240.0
British Columbia,Men+,44,2021,29915.0
British Columbia,Women+,44,2021,31400.0
Yukon,Men+,44,2021,235.0
Yukon,Women+,44,2021,275.0
Northwest Territories,Men+,44,2021,290.0
Northwest Territories,Women+,44,2021,280.0
Nunavut,Men+,44,2021,200.0
Nunavut,Women+,44,2021,190.0
Newfoundland and Labrador,Men+,45,2021,3180.0
Newfoundland and Labrador,Women+,45,2021,3305.0
Prince Edward Island,Men+,45,2021,860.0
Prince Edward Island,Women+,45,2021,960.0
Nova Scotia,Men+,45,2021,5515.0
Nova Scotia,Women+,45,2021,5920.0
New Brunswick,Men+,45,2021,4785.0
New Brunswick,Women+,45,2021,4980.0
Quebec,Men+,45,2021,54315.0
Quebec,Women+,45,2021,53815.0
Ontario,Men+,45,2021,84915.0
Ontario,Women+,45,2021,92075.0
Manitoba,Men+,45,2021,8180.0
Manitoba,Women+,45,2021,8330.0
Saskatchewan,Men+,45,2021,6770.0
Saskatchewan,Women+,45,2021,6720.0
Alberta,Men+,45,2021,28885.0
Alberta,Women+,45,2021,28785.0
British Columbia,Men+,45,2021,29730.0
British Columbia,Women+,45,2021,31855.0
Yukon,Men+,45,2021,260.0
Yukon,Women+,45,2021,295.0
Northwest Territories,Men+,45,2021,240.0
Northwest Territories,Women+,45,2021,285.0
Nunavut,Men+,45,2021,215.0
Nunavut,Women+,45,2021,205.0
Newfoundland and Labrador,Men+,46,2021,3260.0
Newfoundland and Labrador,Women+,46,2021,3445.0
Prince Edward Island,Men+,46,2021,900.0
Prince Edward Island,Women+,46,2021,975.0
Nova Scotia,Men+,46,2021,5645.0
Nova Scotia,Women+,46,2021,6025.0
New Brunswick,Men+,46,2021,4745.0
New Brunswick,Women+,46,2021,5150.0
Quebec,Men+,46,2021,54090.0
Quebec,Women+,46,2021,53400.0
Ontario,Men+,46,2021,86280.0
Ontario,Women+,46,2021,93280.0
Manitoba,Men+,46,2021,8120.0
Manitoba,Women+,46,2021,8115.0
Saskatchewan,Men+,46,2021,6630.0
Saskatchewan,Women+,46,2021,6570.0
Alberta,Men+,46,2021,28460.0
Alberta,Women+,46,2021,28015.0
British Columbia,Men+,46,2021,30015.0
British Columbia,Women+,46,2021,32030.0
Yukon,Men+,46,2021,240.0
Yukon,Women+,46,2021,295.0
Northwest Territories,Men+,46,2021,265.0
Northwest Territories,Women+,46,2021,270.0
Nunavut,Men+,46,2021,195.0
Nunavut,Women+,46,2021,180.0
Newfoundland and Labrador,Men+,47,2021,3280.0
Newfoundland and Labrador,Women+,47,2021,3410.0
Prince Edward Island,Men+,47,2021,930.0
Prince Edward Island,Women+,47,2021,965.0
Nova Scotia,Men+,47,2021,5590.0
Nova Scotia,Women+,47,2021,6185.0
New Brunswick,Men+,47,2021,4725.0
New Brunswick,Women+,47,2021,5120.0
Quebec,Men+,47,2021,50815.0
Quebec,Women+,47,2021,50825.0
Ontario,Men+,47,2021,84625.0
Ontario,Women+,47,2021,91745.0
Manitoba,Men+,47,2021,7835.0
Manitoba,Women+,47,2021,7785.0
Saskatchewan,Men+,47,2021,6340.0
Saskatchewan,Women+,47,2021,6430.0
Alberta,Men+,47,2021,27515.0
Alberta,Women+,47,2021,27185.0
British Columbia,Men+,47,2021,29400.0
British Columbia,Women+,47,2021,31995.0
Yukon,Men+,47,2021,245.0
Yukon,Women+,47,2021,230.0
Northwest Territories,Men+,47,2021,245.0
Northwest Territories,Women+,47,2021,235.0
Nunavut,Men+,47,2021,180.0
Nunavut,Women+,47,2021,150.0
Newfoundland and Labrador,Men+,48,2021,3240.0
Newfoundland and Labrador,Women+,48,2021,3595.0
Prince Edward Island,Men+,48,2021,950.0
Prince Edward Island,Women+,48,2021,940.0
Nova Scotia,Men+,48,2021,5785.0
Nova Scotia,Women+,48,2021,6185.0
New Brunswick,Men+,48,2021,4945.0
New Brunswick,Women+,48,2021,5160.0
Quebec,Men+,48,2021,50015.0
Quebec,Women+,48,2021,49135.0
Ontario,Men+,48,2021,86245.0
Ontario,Women+,48,2021,92180.0
Manitoba,Men+,48,2021,7830.0
Manitoba,Women+,48,2021,7925.0
Saskatchewan,Men+,48,2021,6355.0
Saskatchewan,Women+,48,2021,6545.0
Alberta,Men+,48,2021,27310.0
Alberta,Women+,48,2021,27075.0
British Columbia,Men+,48,2021,29740.0
British Columbia,Women+,48,2021,32100.0
Yukon,Men+,48,2021,225.0
Yukon,Women+,48,2021,300.0
Northwest Territories,Men+,48,2021,260.0
Northwest Territories,Women+,48,2021,250.0
Nunavut,Men+,48,2021,190.0
Nunavut,Women+,48,2021,200.0
Newfoundland and Labrador,Men+,49,2021,3525.0
Newfoundland and Labrador,Women+,49,2021,3750.0
Prince Edward Island,Men+,49,2021,980.0
Prince Edward Island,Women+,49,2021,1050.0
Nova Scotia,Men+,49,2021,5875.0
Nova Scotia,Women+,49,2021,6475.0
New Brunswick,Men+,49,2021,5270.0
New Brunswick,Women+,49,2021,5255.0
Quebec,Men+,49,2021,50325.0
Quebec,Women+,49,2021,49730.0
Ontario,Men+,49,2021,88515.0
Ontario,Women+,49,2021,94725.0
Manitoba,Men+,49,2021,7955.0
Manitoba,Women+,49,2021,8165.0
Saskatchewan,Men+,49,2021,6330.0
Saskatchewan,Women+,49,2021,6395.0
Alberta,Men+,49,2021,27535.0
Alberta,Women+,49,2021,27005.0
British Columbia,Men+,49,2021,30640.0
British Columbia,Women+,49,2021,32540.0
Yukon,Men+,49,2021,250.0
Yukon,Women+,49,2021,280.0
Northwest Territories,Men+,49,2021,300.0
Northwest Territories,Women+,49,2021,275.0
Nunavut,Men+,49,2021,190.0
Nunavut,Women+,49,2021,225.0
Newfoundland and Labrador,Men+,50,2021,3660.0
Newfoundland and Labrador,Women+,50,2021,3810.0
Prince Edward Island,Men+,50,2021,1015.0
Prince Edward Island,Women+,50,2021,1035.0
Nova Scotia,Men+,50,2021,6140.0
Nova Scotia,Women+,50,2021,6675.0
New Brunswick,Men+,50,2021,5165.0
New Brunswick,Women+,50,2021,5395.0
Quebec,Men+,50,2021,52400.0
Quebec,Women+,50,2021,51760.0
Ontario,Men+,50,2021,92880.0
Ontario,Women+,50,2021,99135.0
Manitoba,Men+,50,2021,8050.0
Manitoba,Women+,50,2021,8240.0
Saskatchewan,Men+,50,2021,6440.0
Saskatchewan,Women+,50,2021,6490.0
Alberta,Men+,50,2021,28395.0
Alberta,Women+,50,2021,27625.0
British Columbia,Men+,50,2021,32625.0
British Columbia,Women+,50,2021,35085.0
Yukon,Men+,50,2021,285.0
Yukon,Women+,50,2021,295.0
Northwest Territories,Men+,50,2021,330.0
Northwest Territories,Women+,50,2021,280.0
Nunavut,Men+,50,2021,195.0
Nunavut,Women+,50,2021,205.0
Newfoundland and Labrador,Men+,51,2021,3620.0
Newfoundland and Labrador,Women+,51,2021,3805.0
Prince Edward Island,Men+,51,2021,940.0
Prince Edward Island,Women+,51,2021,1025.0
Nova Scotia,Men+,51,2021,5995.0
Nova Scotia,Women+,51,2021,6565.0
New Brunswick,Men+,51,2021,5090.0
New Brunswick,Women+,51,2021,5195.0
Quebec,Men+,51,2021,52450.0
Quebec,Women+,51,2021,51650.0
Ontario,Men+,51,2021,91465.0
Ontario,Women+,51,2021,97755.0
Manitoba,Men+,51,2021,7905.0
Manitoba,Women+,51,2021,8050.0
Saskatchewan,Men+,51,2021,6190.0
Saskatchewan,Women+,51,2021,6300.0
Alberta,Men+,51,2021,27000.0
Alberta,Women+,51,2021,26470.0
British Columbia,Men+,51,2021,32485.0
British Columbia,Women+,51,2021,34855.0
Yukon,Men+,51,2021,260.0
Yukon,Women+,51,2021,240.0
Northwest Territories,Men+,51,2021,285.0
Northwest Territories,Women+,51,2021,275.0
Nunavut,Men+,51,2021,195.0
Nunavut,Women+,51,2021,200.0
Newfoundland and Labrador,Men+,52,2021,3680.0
Newfoundland and Labrador,Women+,52,2021,3895.0
Prince Edward Island,Men+,52,2021,985.0
Prince Edward Island,Women+,52,2021,1020.0
Nova Scotia,Men+,52,2021,6060.0
Nova Scotia,Women+,52,2021,6465.0
New Brunswick,Men+,52,2021,5005.0
New Brunswick,Women+,52,2021,5150.0
Quebec,Men+,52,2021,51735.0
Quebec,Women+,52,2021,51000.0
Ontario,Men+,52,2021,90530.0
Ontario,Women+,52,2021,96970.0
Manitoba,Men+,52,2021,7690.0
Manitoba,Women+,52,2021,7830.0
Saskatchewan,Men+,52,2021,6435.0
Saskatchewan,Women+,52,2021,6270.0
Alberta,Men+,52,2021,26080.0
Alberta,Women+,52,2021,26295.0
British Columbia,Men+,52,2021,31905.0
British Columbia,Women+,52,2021,34645.0
Yukon,Men+,52,2021,225.0
Yukon,Women+,52,2021,225.0
Northwest Territories,Men+,52,2021,285.0
Northwest Territories,Women+,52,2021,255.0
Nunavut,Men+,52,2021,205.0
Nunavut,Women+,52,2021,190.0
Newfoundland and Labrador,Men+,53,2021,3875.0
Newfoundland and Labrador,Women+,53,2021,4065.0
Prince Edward Island,Men+,53,2021,905.0
Prince Edward Island,Women+,53,2021,1020.0
Nova Scotia,Men+,53,2021,6005.0
Nova Scotia,Women+,53,2021,6600.0
New Brunswick,Men+,53,2021,5200.0
New Brunswick,Women+,53,2021,5240.0
Quebec,Men+,53,2021,51955.0
Quebec,Women+,53,2021,52115.0
Ontario,Men+,53,2021,90190.0
Ontario,Women+,53,2021,95455.0
Manitoba,Men+,53,2021,7620.0
Manitoba,Women+,53,2021,7565.0
Saskatchewan,Men+,53,2021,6065.0
Saskatchewan,Women+,53,2021,6125.0
Alberta,Men+,53,2021,25275.0
Alberta,Women+,53,2021,25450.0
British Columbia,Men+,53,2021,30905.0
British Columbia,Women+,53,2021,33340.0
Yukon,Men+,53,2021,220.0
Yukon,Women+,53,2021,250.0
Northwest Territories,Men+,53,2021,280.0
Northwest Territories,Women+,53,2021,270.0
Nunavut,Men+,53,2021,200.0
Nunavut,Women+,53,2021,215.0
Newfoundland and Labrador,Men+,54,2021,3845.0
Newfoundland and Labrador,Women+,54,2021,4115.0
Prince Edward Island,Men+,54,2021,995.0
Prince Edward Island,Women+,54,2021,1025.0
Nova Scotia,Men+,54,2021,6395.0
Nova Scotia,Women+,54,2021,6870.0
New Brunswick,Men+,54,2021,5235.0
New Brunswick,Women+,54,2021,5460.0
Quebec,Men+,54,2021,54070.0
Quebec,Women+,54,2021,53800.0
Ontario,Men+,54,2021,90360.0
Ontario,Women+,54,2021,96530.0
Manitoba,Men+,54,2021,7450.0
Manitoba,Women+,54,2021,7805.0
Saskatchewan,Men+,54,2021,6175.0
Saskatchewan,Women+,54,2021,6260.0
Alberta,Men+,54,2021,24900.0
Alberta,Women+,54,2021,25285.0
British Columbia,Men+,54,2021,30620.0
British Columbia,Women+,54,2021,32530.0
Yukon,Men+,54,2021,235.0
Yukon,Women+,54,2021,220.0
Northwest Territories,Men+,54,2021,210.0
Northwest Territories,Women+,54,2021,255.0
Nunavut,Men+,54,2021,215.0
Nunavut,Women+,54,2021,180.0
Newfoundland and Labrador,Men+,55,2021,3950.0
Newfoundland and Labrador,Women+,55,2021,4285.0
Prince Edward Island,Men+,55,2021,1020.0
Prince Edward Island,Women+,55,2021,1040.0
Nova Scotia,Men+,55,2021,6735.0
Nova Scotia,Women+,55,2021,7265.0
New Brunswick,Men+,55,2021,5660.0
New Brunswick,Women+,55,2021,5960.0
Quebec,Men+,55,2021,57480.0
Quebec,Women+,55,2021,57065.0
Ontario,Men+,55,2021,97135.0
Ontario,Women+,55,2021,101560.0
Manitoba,Men+,55,2021,8150.0
Manitoba,Women+,55,2021,8305.0
Saskatchewan,Men+,55,2021,6535.0
Saskatchewan,Women+,55,2021,6670.0
Alberta,Men+,55,2021,25890.0
Alberta,Women+,55,2021,25940.0
British Columbia,Men+,55,2021,32005.0
British Columbia,Women+,55,2021,34180.0
Yukon,Men+,55,2021,280.0
Yukon,Women+,55,2021,235.0
Northwest Territories,Men+,55,2021,260.0
Northwest Territories,Women+,55,2021,280.0
Nunavut,Men+,55,2021,180.0
Nunavut,Women+,55,2021,195.0
Newfoundland and Labrador,Men+,56,2021,4145.0
Newfoundland and Labrador,Women+,56,2021,4400.0
Prince Edward Island,Men+,56,2021,1175.0
Prince Edward Island,Women+,56,2021,1195.0
Nova Scotia,Men+,56,2021,7370.0
Nova Scotia,Women+,56,2021,8010.0
New Brunswick,Men+,56,2021,6190.0
New Brunswick,Women+,56,2021,6475.0
Quebec,Men+,56,2021,62065.0
Quebec,Women+,56,2021,62360.0
Ontario,Men+,56,2021,102400.0
Ontario,Women+,56,2021,108000.0
Manitoba,Men+,56,2021,8535.0
Manitoba,Women+,56,2021,8960.0
Saskatchewan,Men+,56,2021,7100.0
Saskatchewan,Women+,56,2021,7300.0
Alberta,Men+,56,2021,27240.0
Alberta,Women+,56,2021,27460.0
British Columbia,Men+,56,2021,34090.0
British Columbia,Women+,56,2021,36285.0
Yukon,Men+,56,2021,260.0
Yukon,Women+,56,2021,260.0
Northwest Territories,Men+,56,2021,350.0
Northwest Territories,Women+,56,2021,295.0
Nunavut,Men+,56,2021,175.0
Nunavut,Women+,56,2021,145.0
Newfoundland and Labrador,Men+,57,2021,4180.0
Newfoundland and Labrador,Women+,57,2021,4275.0
Prince Edward Island,Men+,57,2021,1115.0
Prince Edward Island,Women+,57,2021,1290.0
Nova Scotia,Men+,57,2021,7660.0
Nova Scotia,Women+,57,2021,8115.0
New Brunswick,Men+,57,2021,6205.0
New Brunswick,Women+,57,2021,6340.0
Quebec,Men+,57,2021,62400.0
Quebec,Women+,57,2021,62515.0
Ontario,Men+,57,2021,104230.0
Ontario,Women+,57,2021,109350.0
Manitoba,Men+,57,2021,8750.0
Manitoba,Women+,57,2021,8920.0
Saskatchewan,Men+,57,2021,7360.0
Saskatchewan,Women+,57,2021,7670.0
Alberta,Men+,57,2021,27980.0
Alberta,Women+,57,2021,28170.0
British Columbia,Men+,57,2021,35665.0
British Columbia,Women+,57,2021,38135.0
Yukon,Men+,57,2021,260.0
Yukon,Women+,57,2021,295.0
Northwest Territories,Men+,57,2021,285.0
Northwest Territories,Women+,57,2021,275.0
Nunavut,Men+,57,2021,190.0
Nunavut,Women+,57,2021,160.0
Newfoundland and Labrador,Men+,58,2021,4095.0
Newfoundland and Labrador,Women+,58,2021,4365.0
Prince Edward Island,Men+,58,2021,1175.0
Prince Edward Island,Women+,58,2021,1275.0
Nova Scotia,Men+,58,2021,7720.0
Nova Scotia,Women+,58,2021,8200.0
New Brunswick,Men+,58,2021,6330.0
New Brunswick,Women+,58,2021,6385.0
Quebec,Men+,58,2021,63085.0
Quebec,Women+,58,2021,64050.0
Ontario,Men+,58,2021,104070.0
Ontario,Women+,58,2021,108400.0
Manitoba,Men+,58,2021,8810.0
Manitoba,Women+,58,2021,9020.0
Saskatchewan,Men+,58,2021,7735.0
Saskatchewan,Women+,58,2021,7830.0
Alberta,Men+,58,2021,27685.0
Alberta,Women+,58,2021,28570.0
British Columbia,Men+,58,2021,36455.0
British Columbia,Women+,58,2021,38295.0
Yukon,Men+,58,2021,260.0
Yukon,Women+,58,2021,320.0
Northwest Territories,Men+,58,2021,320.0
Northwest Territories,Women+,58,2021,280.0
Nunavut,Men+,58,2021,160.0
Nunavut,Women+,58,2021,140.0
Newfoundland and Labrador,Men+,59,2021,4165.0
Newfoundland and Labrador,Women+,59,2021,4300.0
Prince Edward Island,Men+,59,2021,1155.0
Prince Edward Island,Women+,59,2021,1200.0
Nova Scotia,Men+,59,2021,7715.0
Nova Scotia,Women+,59,2021,8285.0
New Brunswick,Men+,59,2021,6140.0
New Brunswick,Women+,59,2021,6630.0
Quebec,Men+,59,2021,62205.0
Quebec,Women+,59,2021,62475.0
Ontario,Men+,59,2021,99860.0
Ontario,Women+,59,2021,105155.0
Manitoba,Men+,59,2021,8790.0
Manitoba,Women+,59,2021,9050.0
Saskatchewan,Men+,59,2021,7310.0
Saskatchewan,Women+,59,2021,7650.0
Alberta,Men+,59,2021,27025.0
Alberta,Women+,59,2021,28185.0
British Columbia,Men+,59,2021,34310.0
British Columbia,Women+,59,2021,36930.0
Yukon,Men+,59,2021,290.0
Yukon,Women+,59,2021,325.0
Northwest Territories,Men+,59,2021,295.0
Northwest Territories,Women+,59,2021,285.0
Nunavut,Men+,59,2021,130.0
Nunavut,Women+,59,2021,135.0
Newfoundland and Labrador,Men+,60,2021,4245.0
Newfoundland and Labrador,Women+,60,2021,4445.0
Prince Edward Island,Men+,60,2021,1150.0
Prince Edward Island,Women+,60,2021,1270.0
Nova Scotia,Men+,60,2021,7650.0
Nova Scotia,Women+,60,2021,8285.0
New Brunswick,Men+,60,2021,6180.0
New Brunswick,Women+,60,2021,6460.0
Quebec,Men+,60,2021,63530.0
Quebec,Women+,60,2021,64595.0
Ontario,Men+,60,2021,99825.0
Ontario,Women+,60,2021,105900.0
Manitoba,Men+,60,2021,8920.0
Manitoba,Women+,60,2021,9105.0
Saskatchewan,Men+,60,2021,7520.0
Saskatchewan,Women+,60,2021,7560.0
Alberta,Men+,60,2021,27570.0
Alberta,Women+,60,2021,28305.0
British Columbia,Men+,60,2021,34995.0
British Columbia,Women+,60,2021,37780.0
Yukon,Men+,60,2021,310.0
Yukon,Women+,60,2021,335.0
Northwest Territories,Men+,60,2021,275.0
Northwest Territories,Women+,60,2021,270.0
Nunavut,Men+,60,2021,150.0
Nunavut,Women+,60,2021,125.0
Newfoundland and Labrador,Men+,61,2021,4215.0
Newfoundland and Labrador,Women+,61,2021,4320.0
Prince Edward Island,Men+,61,2021,1120.0
Prince Edward Island,Women+,61,2021,1230.0
Nova Scotia,Men+,61,2021,7535.0
Nova Scotia,Women+,61,2021,7985.0
New Brunswick,Men+,61,2021,6080.0
New Brunswick,Women+,61,2021,6350.0
Quebec,Men+,61,2021,62100.0
Quebec,Women+,61,2021,64380.0
Ontario,Men+,61,2021,96475.0
Ontario,Women+,61,2021,102625.0
Manitoba,Men+,61,2021,8790.0
Manitoba,Women+,61,2021,8860.0
Saskatchewan,Men+,61,2021,7555.0
Saskatchewan,Women+,61,2021,7640.0
Alberta,Men+,61,2021,27130.0
Alberta,Women+,61,2021,27485.0
British Columbia,Men+,61,2021,34475.0
British Columbia,Women+,61,2021,37740.0
Yukon,Men+,61,2021,285.0
Yukon,Women+,61,2021,270.0
Northwest Territories,Men+,61,2021,260.0
Northwest Territories,Women+,61,2021,215.0
Nunavut,Men+,61,2021,185.0
Nunavut,Women+,61,2021,130.0
Newfoundland and Labrador,Men+,62,2021,4105.0
Newfoundland and Labrador,Women+,62,2021,4400.0
Prince Edward Island,Men+,62,2021,1070.0
Prince Edward Island,Women+,62,2021,1145.0
Nova Scotia,Men+,62,2021,7280.0
Nova Scotia,Women+,62,2021,7950.0
New Brunswick,Men+,62,2021,5950.0
New Brunswick,Women+,62,2021,6210.0
Quebec,Men+,62,2021,61455.0
Quebec,Women+,62,2021,63985.0
Ontario,Men+,62,2021,92860.0
Ontario,Women+,62,2021,98750.0
Manitoba,Men+,62,2021,8285.0
Manitoba,Women+,62,2021,8495.0
Saskatchewan,Men+,62,2021,7360.0
Saskatchewan,Women+,62,2021,7590.0
Alberta,Men+,62,2021,26385.0
Alberta,Women+,62,2021,26400.0
British Columbia,Men+,62,2021,33530.0
British Columbia,Women+,62,2021,36615.0
Yukon,Men+,62,2021,270.0
Yukon,Women+,62,2021,295.0
Northwest Territories,Men+,62,2021,265.0
Northwest Territories,Women+,62,2021,245.0
Nunavut,Men+,62,2021,105.0
Nunavut,Women+,62,2021,120.0
Newfoundland and Labrador,Men+,63,2021,4085.0
Newfoundland and Labrador,Women+,63,2021,4410.0
Prince Edward Island,Men+,63,2021,1105.0
Prince Edward Island,Women+,63,2021,1175.0
Nova Scotia,Men+,63,2021,7365.0
Nova Scotia,Women+,63,2021,7990.0
New Brunswick,Men+,63,2021,6135.0
New Brunswick,Women+,63,2021,6530.0
Quebec,Men+,63,2021,61175.0
Quebec,Women+,63,2021,63260.0
Ontario,Men+,63,2021,90930.0
Ontario,Women+,63,2021,96580.0
Manitoba,Men+,63,2021,8075.0
Manitoba,Women+,63,2021,8500.0
Saskatchewan,Men+,63,2021,7245.0
Saskatchewan,Women+,63,2021,7390.0
Alberta,Men+,63,2021,25750.0
Alberta,Women+,63,2021,26160.0
British Columbia,Men+,63,2021,34230.0
British Columbia,Women+,63,2021,36800.0
Yukon,Men+,63,2021,310.0
Yukon,Women+,63,2021,295.0
Northwest Territories,Men+,63,2021,220.0
Northwest Territories,Women+,63,2021,210.0
Nunavut,Men+,63,2021,100.0
Nunavut,Women+,63,2021,100.0
Newfoundland and Labrador,Men+,64,2021,4045.0
Newfoundland and Labrador,Women+,64,2021,4250.0
Prince Edward Island,Men+,64,2021,1025.0
Prince Edward Island,Women+,64,2021,1155.0
Nova Scotia,Men+,64,2021,7250.0
Nova Scotia,Women+,64,2021,7640.0
New Brunswick,Men+,64,2021,6180.0
New Brunswick,Women+,64,2021,6320.0
Quebec,Men+,64,2021,59460.0
Quebec,Women+,64,2021,61680.0
Ontario,Men+,64,2021,87855.0
Ontario,Women+,64,2021,94775.0
Manitoba,Men+,64,2021,8015.0
Manitoba,Women+,64,2021,8115.0
Saskatchewan,Men+,64,2021,7040.0
Saskatchewan,Women+,64,2021,7255.0
Alberta,Men+,64,2021,24760.0
Alberta,Women+,64,2021,25290.0
British Columbia,Men+,64,2021,32985.0
British Columbia,Women+,64,2021,35990.0
Yukon,Men+,64,2021,260.0
Yukon,Women+,64,2021,250.0
Northwest Territories,Men+,64,2021,215.0
Northwest Territories,Women+,64,2021,195.0
Nunavut,Men+,64,2021,90.0
Nunavut,Women+,64,2021,90.0
Newfoundland and Labrador,Men+,65,2021,4050.0
Newfoundland and Labrador,Women+,65,2021,4315.0
Prince Edward Island,Men+,65,2021,1115.0
Prince Edward Island,Women+,65,2021,1170.0
Nova Scotia,Men+,65,2021,6990.0
Nova Scotia,Women+,65,2021,7575.0
New Brunswick,Men+,65,2021,5755.0
New Brunswick,Women+,65,2021,6115.0
Quebec,Men+,65,2021,56530.0
Quebec,Women+,65,2021,58595.0
Ontario,Men+,65,2021,83830.0
Ontario,Women+,65,2021,91330.0
Manitoba,Men+,65,2021,7760.0
Manitoba,Women+,65,2021,7910.0
Saskatchewan,Men+,65,2021,7050.0
Saskatchewan,Women+,65,2021,7195.0
Alberta,Men+,65,2021,24310.0
Alberta,Women+,65,2021,24920.0
British Columbia,Men+,65,2021,32700.0
British Columbia,Women+,65,2021,35335.0
Yukon,Men+,65,2021,285.0
Yukon,Women+,65,2021,270.0
Northwest Territories,Men+,65,2021,190.0
Northwest Territories,Women+,65,2021,165.0
Nunavut,Men+,65,2021,85.0
Nunavut,Women+,65,2021,65.0
Newfoundland and Labrador,Men+,66,2021,4125.0
Newfoundland and Labrador,Women+,66,2021,4235.0
Prince Edward Island,Men+,66,2021,1030.0
Prince Edward Island,Women+,66,2021,1125.0
Nova Scotia,Men+,66,2021,6950.0
Nova Scotia,Women+,66,2021,7445.0
New Brunswick,Men+,66,2021,5680.0
New Brunswick,Women+,66,2021,6260.0
Quebec,Men+,66,2021,56150.0
Quebec,Women+,66,2021,58755.0
Ontario,Men+,66,2021,81720.0
Ontario,Women+,66,2021,89965.0
Manitoba,Men+,66,2021,7630.0
Manitoba,Women+,66,2021,7935.0
Saskatchewan,Men+,66,2021,6905.0
Saskatchewan,Women+,66,2021,7065.0
Alberta,Men+,66,2021,23160.0
Alberta,Women+,66,2021,23380.0
British Columbia,Men+,66,2021,31805.0
British Columbia,Women+,66,2021,35105.0
Yukon,Men+,66,2021,260.0
Yukon,Women+,66,2021,260.0
Northwest Territories,Men+,66,2021,185.0
Northwest Territories,Women+,66,2021,200.0
Nunavut,Men+,66,2021,100.0
Nunavut,Women+,66,2021,65.0
Newfoundland and Labrador,Men+,67,2021,3970.0
Newfoundland and Labrador,Women+,67,2021,4220.0
Prince Edward Island,Men+,67,2021,1000.0
Prince Edward Island,Women+,67,2021,1150.0
Nova Scotia,Men+,67,2021,6600.0
Nova Scotia,Women+,67,2021,7275.0
New Brunswick,Men+,67,2021,5705.0
New Brunswick,Women+,67,2021,5915.0
Quebec,Men+,67,2021,53110.0
Quebec,Women+,67,2021,56225.0
Ontario,Men+,67,2021,76985.0
Ontario,Women+,67,2021,85880.0
Manitoba,Men+,67,2021,7160.0
Manitoba,Women+,67,2021,7605.0
Saskatchewan,Men+,67,2021,6520.0
Saskatchewan,Women+,67,2021,6630.0
Alberta,Men+,67,2021,21470.0
Alberta,Women+,67,2021,22305.0
British Columbia,Men+,67,2021,30330.0
British Columbia,Women+,67,2021,33530.0
Yukon,Men+,67,2021,250.0
Yukon,Women+,67,2021,235.0
Northwest Territories,Men+,67,2021,200.0
Northwest Territories,Women+,67,2021,160.0
Nunavut,Men+,67,2021,80.0
Nunavut,Women+,67,2021,70.0
Newfoundland and Labrador,Men+,68,2021,3860.0
Newfoundland and Labrador,Women+,68,2021,4050.0
Prince Edward Island,Men+,68,2021,930.0
Prince Edward Island,Women+,68,2021,1055.0
Nova Scotia,Men+,68,2021,6275.0
Nova Scotia,Women+,68,2021,6780.0
New Brunswick,Men+,68,2021,5350.0
New Brunswick,Women+,68,2021,5785.0
Quebec,Men+,68,2021,49940.0
Quebec,Women+,68,2021,53165.0
Ontario,Men+,68,2021,73500.0
Ontario,Women+,68,2021,81645.0
Manitoba,Men+,68,2021,6625.0
Manitoba,Women+,68,2021,7285.0
Saskatchewan,Men+,68,2021,6080.0
Saskatchewan,Women+,68,2021,6060.0
Alberta,Men+,68,2021,19870.0
Alberta,Women+,68,2021,20480.0
British Columbia,Men+,68,2021,29580.0
British Columbia,Women+,68,2021,32025.0
Yukon,Men+,68,2021,225.0
Yukon,Women+,68,2021,200.0
Northwest Territories,Men+,68,2021,160.0
Northwest Territories,Women+,68,2021,135.0
Nunavut,Men+,68,2021,65.0
Nunavut,Women+,68,2021,55.0
Newfoundland and Labrador,Men+,69,2021,3715.0
Newfoundland and Labrador,Women+,69,2021,3915.0
Prince Edward Island,Men+,69,2021,975.0
Prince Edward Island,Women+,69,2021,955.0
Nova Scotia,Men+,69,2021,5910.0
Nova Scotia,Women+,69,2021,6590.0
New Brunswick,Men+,69,2021,5090.0
New Brunswick,Women+,69,2021,5530.0
Quebec,Men+,69,2021,48285.0
Quebec,Women+,69,2021,51215.0
Ontario,Men+,69,2021,70290.0
Ontario,Women+,69,2021,78070.0
Manitoba,Men+,69,2021,6400.0
Manitoba,Women+,69,2021,6765.0
Saskatchewan,Men+,69,2021,5590.0
Saskatchewan,Women+,69,2021,5690.0
Alberta,Men+,69,2021,18165.0
Alberta,Women+,69,2021,19215.0
British Columbia,Men+,69,2021,28285.0
British Columbia,Women+,69,2021,30705.0
Yukon,Men+,69,2021,205.0
Yukon,Women+,69,2021,185.0
Northwest Territories,Men+,69,2021,140.0
Northwest Territories,Women+,69,2021,120.0
Nunavut,Men+,69,2021,65.0
Nunavut,Women+,69,2021,60.0
Newfoundland and Labrador,Men+,70,2021,3705.0
Newfoundland and Labrador,Women+,70,2021,3865.0
Prince Edward Island,Men+,70,2021,905.0
Prince Edward Island,Women+,70,2021,945.0
Nova Scotia,Men+,70,2021,5870.0
Nova Scotia,Women+,70,2021,6440.0
New Brunswick,Men+,70,2021,4890.0
New Brunswick,Women+,70,2021,5180.0
Quebec,Men+,70,2021,46930.0
Quebec,Women+,70,2021,50675.0
Ontario,Men+,70,2021,68360.0
Ontario,Women+,70,2021,75830.0
Manitoba,Men+,70,2021,6010.0
Manitoba,Women+,70,2021,6810.0
Saskatchewan,Men+,70,2021,5240.0
Saskatchewan,Women+,70,2021,5435.0
Alberta,Men+,70,2021,17370.0
Alberta,Women+,70,2021,18140.0
British Columbia,Men+,70,2021,27415.0
British Columbia,Women+,70,2021,29740.0
Yukon,Men+,70,2021,225.0
Yukon,Women+,70,2021,200.0
Northwest Territories,Men+,70,2021,160.0
Northwest Territories,Women+,70,2021,125.0
Nunavut,Men+,70,2021,80.0
Nunavut,Women+,70,2021,60.0
Newfoundland and Labrador,Men+,71,2021,3465.0
Newfoundland and Labrador,Women+,71,2021,3705.0
Prince Edward Island,Men+,71,2021,865.0
Prince Edward Island,Women+,71,2021,1010.0
Nova Scotia,Men+,71,2021,5805.0
Nova Scotia,Women+,71,2021,6135.0
New Brunswick,Men+,71,2021,4885.0
New Brunswick,Women+,71,2021,5135.0
Quebec,Men+,71,2021,44865.0
Quebec,Women+,71,2021,48370.0
Ontario,Men+,71,2021,65560.0
Ontario,Women+,71,2021,74230.0
Manitoba,Men+,71,2021,5850.0
Manitoba,Women+,71,2021,6435.0
Saskatchewan,Men+,71,2021,5010.0
Saskatchewan,Women+,71,2021,5150.0
Alberta,Men+,71,2021,16580.0
Alberta,Women+,71,2021,17575.0
British Columbia,Men+,71,2021,27010.0
British Columbia,Women+,71,2021,29490.0
Yukon,Men+,71,2021,180.0
Yukon,Women+,71,2021,175.0
Northwest Territories,Men+,71,2021,115.0
Northwest Territories,Women+,71,2021,115.0
Nunavut,Men+,71,2021,45.0
Nunavut,Women+,71,2021,50.0
Newfoundland and Labrador,Men+,72,2021,3220.0
Newfoundland and Labrador,Women+,72,2021,3570.0
Prince Edward Island,Men+,72,2021,855.0
Prince Edward Island,Women+,72,2021,975.0
Nova Scotia,Men+,72,2021,5530.0
Nova Scotia,Women+,72,2021,6160.0
New Brunswick,Men+,72,2021,4740.0
New Brunswick,Women+,72,2021,5095.0
Quebec,Men+,72,2021,43630.0
Quebec,Women+,72,2021,47985.0
Ontario,Men+,72,2021,64220.0
Ontario,Women+,72,2021,72170.0
Manitoba,Men+,72,2021,5570.0
Manitoba,Women+,72,2021,6165.0
Saskatchewan,Men+,72,2021,4730.0
Saskatchewan,Women+,72,2021,4965.0
Alberta,Men+,72,2021,15375.0
Alberta,Women+,72,2021,16650.0
British Columbia,Men+,72,2021,25695.0
British Columbia,Women+,72,2021,28000.0
Yukon,Men+,72,2021,185.0
Yukon,Women+,72,2021,160.0
Northwest Territories,Men+,72,2021,110.0
Northwest Territories,Women+,72,2021,120.0
Nunavut,Men+,72,2021,50.0
Nunavut,Women+,72,2021,45.0
Newfoundland and Labrador,Men+,73,2021,3205.0
Newfoundland and Labrador,Women+,73,2021,3395.0
Prince Edward Island,Men+,73,2021,900.0
Prince Edward Island,Women+,73,2021,945.0
Nova Scotia,Men+,73,2021,5675.0
Nova Scotia,Women+,73,2021,6240.0
New Brunswick,Men+,73,2021,4720.0
New Brunswick,Women+,73,2021,4875.0
Quebec,Men+,73,2021,42000.0
Quebec,Women+,73,2021,45925.0
Ontario,Men+,73,2021,64120.0
Ontario,Women+,73,2021,72075.0
Manitoba,Men+,73,2021,5460.0
Manitoba,Women+,73,2021,6310.0
Saskatchewan,Men+,73,2021,4455.0
Saskatchewan,Women+,73,2021,4850.0
Alberta,Men+,73,2021,15405.0
Alberta,Women+,73,2021,16530.0
British Columbia,Men+,73,2021,25625.0
British Columbia,Women+,73,2021,27685.0
Yukon,Men+,73,2021,160.0
Yukon,Women+,73,2021,155.0
Northwest Territories,Men+,73,2021,110.0
Northwest Territories,Women+,73,2021,75.0
Nunavut,Men+,73,2021,45.0
Nunavut,Women+,73,2021,30.0
Newfoundland and Labrador,Men+,74,2021,3010.0
Newfoundland and Labrador,Women+,74,2021,3265.0
Prince Edward Island,Men+,74,2021,895.0
Prince Edward Island,Women+,74,2021,895.0
Nova Scotia,Men+,74,2021,5410.0
Nova Scotia,Women+,74,2021,6160.0
New Brunswick,Men+,74,2021,4480.0
New Brunswick,Women+,74,2021,4840.0
Quebec,Men+,74,2021,40565.0
Quebec,Women+,74,2021,44960.0
Ontario,Men+,74,2021,63180.0
Ontario,Women+,74,2021,71535.0
Manitoba,Men+,74,2021,5410.0
Manitoba,Women+,74,2021,5935.0
Saskatchewan,Men+,74,2021,4360.0
Saskatchewan,Women+,74,2021,4755.0
Alberta,Men+,74,2021,14420.0
Alberta,Women+,74,2021,15845.0
British Columbia,Men+,74,2021,24625.0
British Columbia,Women+,74,2021,27075.0
Yukon,Men+,74,2021,180.0
Yukon,Women+,74,2021,140.0
Northwest Territories,Men+,74,2021,105.0
Northwest Territories,Women+,74,2021,90.0
Nunavut,Men+,74,2021,40.0
Nunavut,Women+,74,2021,40.0
Newfoundland and Labrador,Men+,75,2021,2780.0
Newfoundland and Labrador,Women+,75,2021,3140.0
Prince Edward Island,Men+,75,2021,645.0
Prince Edward Island,Women+,75,2021,700.0
Nova Scotia,Men+,75,2021,4365.0
Nova Scotia,Women+,75,2021,4775.0
New Brunswick,Men+,75,2021,3470.0
New Brunswick,Women+,75,2021,3865.0
Quebec,Men+,75,2021,36045.0
Quebec,Women+,75,2021,40490.0
Ontario,Men+,75,2021,49525.0
Ontario,Women+,75,2021,56435.0
Manitoba,Men+,75,2021,4195.0
Manitoba,Women+,75,2021,5005.0
Saskatchewan,Men+,75,2021,3595.0
Saskatchewan,Women+,75,2021,3855.0
Alberta,Men+,75,2021,11585.0
Alberta,Women+,75,2021,12870.0
British Columbia,Men+,75,2021,19210.0
British Columbia,Women+,75,2021,21240.0
Yukon,Men+,75,2021,125.0
Yukon,Women+,75,2021,110.0
Northwest Territories,Men+,75,2021,105.0
Northwest Territories,Women+,75,2021,85.0
Nunavut,Men+,75,2021,30.0
Nunavut,Women+,75,2021,30.0
Newfoundland and Labrador,Men+,76,2021,2245.0
Newfoundland and Labrador,Women+,76,2021,2395.0
Prince Edward Island,Men+,76,2021,580.0
Prince Edward Island,Women+,76,2021,675.0
Nova Scotia,Men+,76,2021,3910.0
Nova Scotia,Women+,76,2021,4330.0
New Brunswick,Men+,76,2021,3195.0
New Brunswick,Women+,76,2021,3495.0
Quebec,Men+,76,2021,33620.0
Quebec,Women+,76,2021,38255.0
Ontario,Men+,76,2021,46015.0
Ontario,Women+,76,2021,52620.0
Manitoba,Men+,76,2021,4015.0
Manitoba,Women+,76,2021,4425.0
Saskatchewan,Men+,76,2021,3375.0
Saskatchewan,Women+,76,2021,3640.0
Alberta,Men+,76,2021,10630.0
Alberta,Women+,76,2021,11765.0
British Columbia,Men+,76,2021,18320.0
British Columbia,Women+,76,2021,20015.0
Yukon,Men+,76,2021,150.0
Yukon,Women+,76,2021,110.0
Northwest Territories,Men+,76,2021,60.0
Northwest Territories,Women+,76,2021,70.0
Nunavut,Men+,76,2021,30.0
Nunavut,Women+,76,2021,25.0
Newfoundland and Labrador,Men+,77,2021,2125.0
Newfoundland and Labrador,Women+,77,2021,2295.0
Prince Edward Island,Men+,77,2021,570.0
Prince Edward Island,Women+,77,2021,700.0
Nova Scotia,Men+,77,2021,3660.0
Nova Scotia,Women+,77,2021,4250.0
New Brunswick,Men+,77,2021,3000.0
New Brunswick,Women+,77,2021,3425.0
Quebec,Men+,77,2021,30585.0
Quebec,Women+,77,2021,35640.0
Ontario,Men+,77,2021,44135.0
Ontario,Women+,77,2021,50865.0
Manitoba,Men+,77,2021,3780.0
Manitoba,Women+,77,2021,4230.0
Saskatchewan,Men+,77,2021,3140.0
Saskatchewan,Women+,77,2021,3445.0
Alberta,Men+,77,2021,10240.0
Alberta,Women+,77,2021,11130.0
British Columbia,Men+,77,2021,17710.0
British Columbia,Women+,77,2021,19440.0
Yukon,Men+,77,2021,115.0
Yukon,Women+,77,2021,105.0
Northwest Territories,Men+,77,2021,75.0
Northwest Territories,Women+,77,2021,60.0
Nunavut,Men+,77,2021,25.0
Nunavut,Women+,77,2021,20.0
Newfoundland and Labrador,Men+,78,2021,1865.0
Newfoundland and Labrador,Women+,78,2021,2080.0
Prince Edward Island,Men+,78,2021,465.0
Prince Edward Island,Women+,78,2021,500.0
Nova Scotia,Men+,78,2021,3430.0
Nova Scotia,Women+,78,2021,4020.0
New Brunswick,Men+,78,2021,2870.0
New Brunswick,Women+,78,2021,2960.0
Quebec,Men+,78,2021,28505.0
Quebec,Women+,78,2021,32715.0
Ontario,Men+,78,2021,41160.0
Ontario,Women+,78,2021,48150.0
Manitoba,Men+,78,2021,3490.0
Manitoba,Women+,78,2021,4065.0
Saskatchewan,Men+,78,2021,2925.0
Saskatchewan,Women+,78,2021,3400.0
Alberta,Men+,78,2021,9325.0
Alberta,Women+,78,2021,10515.0
British Columbia,Men+,78,2021,16370.0
British Columbia,Women+,78,2021,18040.0
Yukon,Men+,78,2021,80.0
Yukon,Women+,78,2021,85.0
Northwest Territories,Men+,78,2021,70.0
Northwest Territories,Women+,78,2021,60.0
Nunavut,Men+,78,2021,15.0
Nunavut,Women+,78,2021,20.0
Newfoundland and Labrador,Men+,79,2021,1565.0
Newfoundland and Labrador,Women+,79,2021,1865.0
Prince Edward Island,Men+,79,2021,415.0
Prince Edward Island,Women+,79,2021,515.0
Nova Scotia,Men+,79,2021,3030.0
Nova Scotia,Women+,79,2021,3555.0
New Brunswick,Men+,79,2021,2565.0
New Brunswick,Women+,79,2021,2840.0
Quebec,Men+,79,2021,25035.0
Quebec,Women+,79,2021,29950.0
Ontario,Men+,79,2021,36655.0
Ontario,Women+,79,2021,43930.0
Manitoba,Men+,79,2021,3025.0
Manitoba,Women+,79,2021,3660.0
Saskatchewan,Men+,79,2021,2575.0
Saskatchewan,Women+,79,2021,3100.0
Alberta,Men+,79,2021,8080.0
Alberta,Women+,79,2021,9375.0
British Columbia,Men+,79,2021,14460.0
British Columbia,Women+,79,2021,16280.0
Yukon,Men+,79,2021,90.0
Yukon,Women+,79,2021,55.0
Northwest Territories,Men+,79,2021,40.0
Northwest Territories,Women+,79,2021,75.0
Nunavut,Men+,79,2021,20.0
Nunavut,Women+,79,2021,15.0
Newfoundland and Labrador,Men+,80,2021,1505.0
Newfoundland and Labrador,Women+,80,2021,1680.0
Prince Edward Island,Men+,80,2021,405.0
Prince Edward Island,Women+,80,2021,480.0
Nova Scotia,Men+,80,2021,2755.0
Nova Scotia,Women+,80,2021,3245.0
New Brunswick,Men+,80,2021,2235.0
New Brunswick,Women+,80,2021,2765.0
Quebec,Men+,80,2021,22975.0
Quebec,Women+,80,2021,28580.0
Ontario,Men+,80,2021,33910.0
Ontario,Women+,80,2021,41725.0
Manitoba,Men+,80,2021,2885.0
Manitoba,Women+,80,2021,3605.0
Saskatchewan,Men+,80,2021,2510.0
Saskatchewan,Women+,80,2021,3065.0
Alberta,Men+,80,2021,7795.0
Alberta,Women+,80,2021,9165.0
British Columbia,Men+,80,2021,13430.0
British Columbia,Women+,80,2021,15655.0
Yukon,Men+,80,2021,60.0
Yukon,Women+,80,2021,60.0
Northwest Territories,Men+,80,2021,35.0
Northwest Territories,Women+,80,2021,50.0
Nunavut,Men+,80,2021,20.0
Nunavut,Women+,80,2021,15.0
Newfoundland and Labrador,Men+,81,2021,1350.0
Newfoundland and Labrador,Women+,81,2021,1575.0
Prince Edward Island,Men+,81,2021,345.0
Prince Edward Island,Women+,81,2021,480.0
Nova Scotia,Men+,81,2021,2295.0
Nova Scotia,Women+,81,2021,3045.0
New Brunswick,Men+,81,2021,1970.0
New Brunswick,Women+,81,2021,2400.0
Quebec,Men+,81,2021,19945.0
Quebec,Women+,81,2021,25835.0
Ontario,Men+,81,2021,30950.0
Ontario,Women+,81,2021,38985.0
Manitoba,Men+,81,2021,2485.0
Manitoba,Women+,81,2021,3240.0
Saskatchewan,Men+,81,2021,2240.0
Saskatchewan,Women+,81,2021,2690.0
Alberta,Men+,81,2021,6985.0
Alberta,Women+,81,2021,8235.0
British Columbia,Men+,81,2021,12055.0
British Columbia,Women+,81,2021,13760.0
Yukon,Men+,81,2021,60.0
Yukon,Women+,81,2021,55.0
Northwest Territories,Men+,81,2021,25.0
Northwest Territories,Women+,81,2021,45.0
Nunavut,Men+,81,2021,10.0
Nunavut,Women+,81,2021,15.0
Newfoundland and Labrador,Men+,82,2021,1165.0
Newfoundland and Labrador,Women+,82,2021,1485.0
Prince Edward Island,Men+,82,2021,315.0
Prince Edward Island,Women+,82,2021,430.0
Nova Scotia,Men+,82,2021,2240.0
Nova Scotia,Women+,82,2021,2845.0
New Brunswick,Men+,82,2021,1845.0
New Brunswick,Women+,82,2021,2360.0
Quebec,Men+,82,2021,17900.0
Quebec,Women+,82,2021,23595.0
Ontario,Men+,82,2021,28750.0
Ontario,Women+,82,2021,36605.0
Manitoba,Men+,82,2021,2355.0
Manitoba,Women+,82,2021,3065.0
Saskatchewan,Men+,82,2021,2110.0
Saskatchewan,Women+,82,2021,2545.0
Alberta,Men+,82,2021,6025.0
Alberta,Women+,82,2021,7570.0
British Columbia,Men+,82,2021,10975.0
British Columbia,Women+,82,2021,12995.0
Yukon,Men+,82,2021,50.0
Yukon,Women+,82,2021,40.0
Northwest Territories,Men+,82,2021,15.0
Northwest Territories,Women+,82,2021,45.0
Nunavut,Men+,82,2021,10.0
Nunavut,Women+,82,2021,10.0
Newfoundland and Labrador,Men+,83,2021,1030.0
Newfoundland and Labrador,Women+,83,2021,1335.0
Prince Edward Island,Men+,83,2021,280.0
Prince Edward Island,Women+,83,2021,375.0
Nova Scotia,Men+,83,2021,2045.0
Nova Scotia,Women+,83,2021,2620.0
New Brunswick,Men+,83,2021,1605.0
New Brunswick,Women+,83,2021,1950.0
Quebec,Men+,83,2021,15895.0
Quebec,Women+,83,2021,21715.0
Ontario,Men+,83,2021,26005.0
Ontario,Women+,83,2021,33990.0
Manitoba,Men+,83,2021,2185.0
Manitoba,Women+,83,2021,2770.0
Saskatchewan,Men+,83,2021,1825.0
Saskatchewan,Women+,83,2021,2595.0
Alberta,Men+,83,2021,5725.0
Alberta,Women+,83,2021,7150.0
British Columbia,Men+,83,2021,9940.0
British Columbia,Women+,83,2021,12165.0
Yukon,Men+,83,2021,60.0
Yukon,Women+,83,2021,35.0
Northwest Territories,Men+,83,2021,40.0
Northwest Territories,Women+,83,2021,30.0
Nunavut,Men+,83,2021,10.0
Nunavut,Women+,83,2021,15.0
Newfoundland and Labrador,Men+,84,2021,910.0
Newfoundland and Labrador,Women+,84,2021,1200.0
Prince Edward Island,Men+,84,2021,275.0
Prince Edward Island,Women+,84,2021,340.0
Nova Scotia,Men+,84,2021,1760.0
Nova Scotia,Women+,84,2021,2280.0
New Brunswick,Men+,84,2021,1430.0
New Brunswick,Women+,84,2021,1840.0
Quebec,Men+,84,2021,14100.0
Quebec,Women+,84,2021,19860.0
Ontario,Men+,84,2021,23455.0
Ontario,Women+,84,2021,30740.0
Manitoba,Men+,84,2021,1790.0
Manitoba,Women+,84,2021,2510.0
Saskatchewan,Men+,84,2021,1610.0
Saskatchewan,Women+,84,2021,2275.0
Alberta,Men+,84,2021,4985.0
Alberta,Women+,84,2021,6535.0
British Columbia,Men+,84,2021,8880.0
British Columbia,Women+,84,2021,11200.0
Yukon,Men+,84,2021,35.0
Yukon,Women+,84,2021,50.0
Northwest Territories,Men+,84,2021,30.0
Northwest Territories,Women+,84,2021,35.0
Nunavut,Men+,84,2021,5.0
Nunavut,Women+,84,2021,5.0
Newfoundland and Labrador,Men+,85,2021,730.0
Newfoundland and Labrador,Women+,85,2021,1035.0
Prince Edward Island,Men+,85,2021,225.0
Prince Edward Island,Women+,85,2021,340.0
Nova Scotia,Men+,85,2021,1620.0
Nova Scotia,Women+,85,2021,2050.0
New Brunswick,Men+,85,2021,1290.0
New Brunswick,Women+,85,2021,1700.0
Quebec,Men+,85,2021,12950.0
Quebec,Women+,85,2021,18805.0
Ontario,Men+,85,2021,21680.0
Ontario,Women+,85,2021,29065.0
Manitoba,Men+,85,2021,1680.0
Manitoba,Women+,85,2021,2580.0
Saskatchewan,Men+,85,2021,1550.0
Saskatchewan,Women+,85,2021,2290.0
Alberta,Men+,85,2021,4695.0
Alberta,Women+,85,2021,6170.0
British Columbia,Men+,85,2021,8325.0
British Columbia,Women+,85,2021,10165.0
Yukon,Men+,85,2021,30.0
Yukon,Women+,85,2021,25.0
Northwest Territories,Men+,85,2021,25.0
Northwest Territories,Women+,85,2021,15.0
Nunavut,Men+,85,2021,10.0
Nunavut,Women+,85,2021,10.0
Newfoundland and Labrador,Men+,86,2021,665.0
Newfoundland and Labrador,Women+,86,2021,895.0
Prince Edward Island,Men+,86,2021,195.0
Prince Edward Island,Women+,86,2021,305.0
Nova Scotia,Men+,86,2021,1360.0
Nova Scotia,Women+,86,2021,1885.0
New Brunswick,Men+,86,2021,1010.0
New Brunswick,Women+,86,2021,1595.0
Quebec,Men+,86,2021,11070.0
Quebec,Women+,86,2021,17270.0
Ontario,Men+,86,2021,18775.0
Ontario,Women+,86,2021,26355.0
Manitoba,Men+,86,2021,1470.0
Manitoba,Women+,86,2021,2240.0
Saskatchewan,Men+,86,2021,1365.0
Saskatchewan,Women+,86,2021,2090.0
Alberta,Men+,86,2021,4180.0
Alberta,Women+,86,2021,5790.0
British Columbia,Men+,86,2021,7165.0
British Columbia,Women+,86,2021,9115.0
Yukon,Men+,86,2021,30.0
Yukon,Women+,86,2021,35.0
Northwest Territories,Men+,86,2021,30.0
Northwest Territories,Women+,86,2021,15.0
Nunavut,Men+,86,2021,5.0
Nunavut,Women+,86,2021,5.0
Newfoundland and Labrador,Men+,87,2021,560.0
Newfoundland and Labrador,Women+,87,2021,745.0
Prince Edward Island,Men+,87,2021,185.0
Prince Edward Island,Women+,87,2021,260.0
Nova Scotia,Men+,87,2021,1115.0
Nova Scotia,Women+,87,2021,1770.0
New Brunswick,Men+,87,2021,865.0
New Brunswick,Women+,87,2021,1380.0
Quebec,Men+,87,2021,9840.0
Quebec,Women+,87,2021,16000.0
Ontario,Men+,87,2021,16410.0
Ontario,Women+,87,2021,23700.0
Manitoba,Men+,87,2021,1355.0
Manitoba,Women+,87,2021,2015.0
Saskatchewan,Men+,87,2021,1255.0
Saskatchewan,Women+,87,2021,1980.0
Alberta,Men+,87,2021,3645.0
Alberta,Women+,87,2021,5075.0
British Columbia,Men+,87,2021,6375.0
British Columbia,Women+,87,2021,8160.0
Yukon,Men+,87,2021,20.0
Yukon,Women+,87,2021,35.0
Northwest Territories,Men+,87,2021,10.0
Northwest Territories,Women+,87,2021,20.0
Nunavut,Men+,87,2021,5.0
Nunavut,Women+,87,2021,15.0
Newfoundland and Labrador,Men+,88,2021,455.0
Newfoundland and Labrador,Women+,88,2021,680.0
Prince Edward Island,Men+,88,2021,150.0
Prince Edward Island,Women+,88,2021,240.0
Nova Scotia,Men+,88,2021,940.0
Nova Scotia,Women+,88,2021,1625.0
New Brunswick,Men+,88,2021,805.0
New Brunswick,Women+,88,2021,1335.0
Quebec,Men+,88,2021,8865.0
Quebec,Women+,88,2021,15465.0
Ontario,Men+,88,2021,14550.0
Ontario,Women+,88,2021,22240.0
Manitoba,Men+,88,2021,1105.0
Manitoba,Women+,88,2021,1915.0
Saskatchewan,Men+,88,2021,1040.0
Saskatchewan,Women+,88,2021,1830.0
Alberta,Men+,88,2021,3270.0
Alberta,Women+,88,2021,4780.0
British Columbia,Men+,88,2021,5570.0
British Columbia,Women+,88,2021,7610.0
Yukon,Men+,88,2021,10.0
Yukon,Women+,88,2021,25.0
Northwest Territories,Men+,88,2021,15.0
Northwest Territories,Women+,88,2021,5.0
Nunavut,Men+,88,2021,5.0
Nunavut,Women+,88,2021,0.0
Newfoundland and Labrador,Men+,89,2021,425.0
Newfoundland and Labrador,Women+,89,2021,560.0
Prince Edward Island,Men+,89,2021,120.0
Prince Edward Island,Women+,89,2021,205.0
Nova Scotia,Men+,89,2021,830.0
Nova Scotia,Women+,89,2021,1410.0
New Brunswick,Men+,89,2021,725.0
New Brunswick,Women+,89,2021,1115.0
Quebec,Men+,89,2021,7885.0
Quebec,Women+,89,2021,13600.0
Ontario,Men+,89,2021,12465.0
Ontario,Women+,89,2021,20240.0
Manitoba,Men+,89,2021,1000.0
Manitoba,Women+,89,2021,1840.0
Saskatchewan,Men+,89,2021,1080.0
Saskatchewan,Women+,89,2021,1685.0
Alberta,Men+,89,2021,2745.0
Alberta,Women+,89,2021,4315.0
British Columbia,Men+,89,2021,4885.0
British Columbia,Women+,89,2021,6960.0
Yukon,Men+,89,2021,25.0
Yukon,Women+,89,2021,20.0
Northwest Territories,Men+,89,2021,15.0
Northwest Territories,Women+,89,2021,10.0
Nunavut,Men+,89,2021,5.0
Nunavut,Women+,89,2021,5.0
Newfoundland and Labrador,Men+,90,2021,275.0
Newfoundland and Labrador,Women+,90,2021,535.0
Prince Edward Island,Men+,90,2021,105.0
Prince Edward Island,Women+,90,2021,160.0
Nova Scotia,Men+,90,2021,680.0
Nova Scotia,Women+,90,2021,1245.0
New Brunswick,Men+,90,2021,560.0
New Brunswick,Women+,90,2021,985.0
Quebec,Men+,90,2021,6345.0
Quebec,Women+,90,2021,12315.0
Ontario,Men+,90,2021,10755.0
Ontario,Women+,90,2021,18040.0
Manitoba,Men+,90,2021,815.0
Manitoba,Women+,90,2021,1550.0
Saskatchewan,Men+,90,2021,815.0
Saskatchewan,Women+,90,2021,1505.0
Alberta,Men+,90,2021,2360.0
Alberta,Women+,90,2021,3930.0
British Columbia,Men+,90,2021,4305.0
British Columbia,Women+,90,2021,6415.0
Yukon,Men+,90,2021,20.0
Yukon,Women+,90,2021,15.0
Northwest Territories,Men+,90,2021,5.0
Northwest Territories,Women+,90,2021,35.0
Nunavut,Men+,90,2021,0.0
Nunavut,Women+,90,2021,10.0
Newfoundland and Labrador,Men+,91,2021,220.0
Newfoundland and Labrador,Women+,91,2021,465.0
Prince Edward Island,Men+,91,2021,80.0
Prince Edward Island,Women+,91,2021,175.0
Nova Scotia,Men+,91,2021,465.0
Nova Scotia,Women+,91,2021,970.0
New Brunswick,Men+,91,2021,405.0
New Brunswick,Women+,91,2021,830.0
Quebec,Men+,91,2021,4945.0
Quebec,Women+,91,2021,10265.0
Ontario,Men+,91,2021,8295.0
Ontario,Women+,91,2021,15340.0
Manitoba,Men+,91,2021,675.0
Manitoba,Women+,91,2021,1435.0
Saskatchewan,Men+,91,2021,750.0
Saskatchewan,Women+,91,2021,1470.0
Alberta,Men+,91,2021,1900.0
Alberta,Women+,91,2021,3195.0
British Columbia,Men+,91,2021,3300.0
British Columbia,Women+,91,2021,5420.0
Yukon,Men+,91,2021,15.0
Yukon,Women+,91,2021,15.0
Northwest Territories,Men+,91,2021,10.0
Northwest Territories,Women+,91,2021,0.0
Nunavut,Men+,91,2021,0.0
Nunavut,Women+,91,2021,0.0
Newfoundland and Labrador,Men+,92,2021,150.0
Newfoundland and Labrador,Women+,92,2021,325.0
Prince Edward Island,Men+,92,2021,50.0
Prince Edward Island,Women+,92,2021,110.0
Nova Scotia,Men+,92,2021,395.0
Nova Scotia,Women+,92,2021,880.0
New Brunswick,Men+,92,2021,350.0
New Brunswick,Women+,92,2021,660.0
Quebec,Men+,92,2021,3735.0
Quebec,Women+,92,2021,8965.0
Ontario,Men+,92,2021,6335.0
Ontario,Women+,92,2021,12870.0
Manitoba,Men+,92,2021,545.0
Manitoba,Women+,92,2021,1345.0
Saskatchewan,Men+,92,2021,580.0
Saskatchewan,Women+,92,2021,1050.0
Alberta,Men+,92,2021,1470.0
Alberta,Women+,92,2021,2675.0
British Columbia,Men+,92,2021,2570.0
British Columbia,Women+,92,2021,4440.0
Yukon,Men+,92,2021,10.0
Yukon,Women+,92,2021,15.0
Northwest Territories,Men+,92,2021,25.0
Northwest Territories,Women+,92,2021,5.0
Nunavut,Men+,92,2021,5.0
Nunavut,Women+,92,2021,0.0
Newfoundland and Labrador,Men+,93,2021,110.0
Newfoundland and Labrador,Women+,93,2021,290.0
Prince Edward Island,Men+,93,2021,55.0
Prince Edward Island,Women+,93,2021,110.0
Nova Scotia,Men+,93,2021,300.0
Nova Scotia,Women+,93,2021,685.0
New Brunswick,Men+,93,2021,230.0
New Brunswick,Women+,93,2021,660.0
Quebec,Men+,93,2021,3175.0
Quebec,Women+,93,2021,7300.0
Ontario,Men+,93,2021,5135.0
Ontario,Women+,93,2021,11300.0
Manitoba,Men+,93,2021,435.0
Manitoba,Women+,93,2021,1020.0
Saskatchewan,Men+,93,2021,450.0
Saskatchewan,Women+,93,2021,970.0
Alberta,Men+,93,2021,1000.0
Alberta,Women+,93,2021,2285.0
British Columbia,Men+,93,2021,1990.0
British Columbia,Women+,93,2021,3710.0
Yukon,Men+,93,2021,5.0
Yukon,Women+,93,2021,10.0
Northwest Territories,Men+,93,2021,0.0
Northwest Territories,Women+,93,2021,10.0
Nunavut,Men+,93,2021,0.0
Nunavut,Women+,93,2021,0.0
Newfoundland and Labrador,Men+,94,2021,80.0
Newfoundland and Labrador,Women+,94,2021,260.0
Prince Edward Island,Men+,94,2021,20.0
Prince Edward Island,Women+,94,2021,85.0
Nova Scotia,Men+,94,2021,210.0
Nova Scotia,Women+,94,2021,525.0
New Brunswick,Men+,94,2021,180.0
New Brunswick,Women+,94,2021,505.0
Quebec,Men+,94,2021,2290.0
Quebec,Women+,94,2021,5690.0
Ontario,Men+,94,2021,4185.0
Ontario,Women+,94,2021,9160.0
Manitoba,Men+,94,2021,370.0
Manitoba,Women+,94,2021,765.0
Saskatchewan,Men+,94,2021,370.0
Saskatchewan,Women+,94,2021,755.0
Alberta,Men+,94,2021,810.0
Alberta,Women+,94,2021,1795.0
British Columbia,Men+,94,2021,1560.0
British Columbia,Women+,94,2021,3145.0
Yukon,Men+,94,2021,5.0
Yukon,Women+,94,2021,5.0
Northwest Territories,Men+,94,2021,5.0
Northwest Territories,Women+,94,2021,15.0
Nunavut,Men+,94,2021,0.0
Nunavut,Women+,94,2021,0.0
Newfoundland and Labrador,Men+,95,2021,55.0
Newfoundland and Labrador,Women+,95,2021,215.0
Prince Edward Island,Men+,95,2021,35.0
Prince Edward Island,Women+,95,2021,90.0
Nova Scotia,Men+,95,2021,155.0
Nova Scotia,Women+,95,2021,510.0
New Brunswick,Men+,95,2021,155.0
New Brunswick,Women+,95,2021,405.0
Quebec,Men+,95,2021,1780.0
Quebec,Women+,95,2021,4395.0
Ontario,Men+,95,2021,2905.0
Ontario,Women+,95,2021,7330.0
Manitoba,Men+,95,2021,230.0
Manitoba,Women+,95,2021,655.0
Saskatchewan,Men+,95,2021,230.0
Saskatchewan,Women+,95,2021,635.0
Alberta,Men+,95,2021,520.0
Alberta,Women+,95,2021,1600.0
British Columbia,Men+,95,2021,1160.0
British Columbia,Women+,95,2021,2355.0
Yukon,Men+,95,2021,5.0
Yukon,Women+,95,2021,5.0
Northwest Territories,Men+,95,2021,0.0
Northwest Territories,Women+,95,2021,5.0
Nunavut,Men+,95,2021,0.0
Nunavut,Women+,95,2021,0.0
Newfoundland and Labrador,Men+,96,2021,30.0
Newfoundland and Labrador,Women+,96,2021,105.0
Prince Edward Island,Men+,96,2021,20.0
Prince Edward Island,Women+,96,2021,50.0
Nova Scotia,Men+,96,2021,85.0
Nova Scotia,Women+,96,2021,335.0
New Brunswick,Men+,96,2021,95.0
New Brunswick,Women+,96,2021,275.0
Quebec,Men+,96,2021,855.0
Quebec,Women+,96,2021,2845.0
Ontario,Men+,96,2021,1760.0
Ontario,Women+,96,2021,4980.0
Manitoba,Men+,96,2021,160.0
Manitoba,Women+,96,2021,485.0
Saskatchewan,Men+,96,2021,170.0
Saskatchewan,Women+,96,2021,440.0
Alberta,Men+,96,2021,345.0
Alberta,Women+,96,2021,900.0
British Columbia,Men+,96,2021,720.0
British Columbia,Women+,96,2021,1660.0
Yukon,Men+,96,2021,0.0
Yukon,Women+,96,2021,5.0
Northwest Territories,Men+,96,2021,0.0
Northwest Territories,Women+,96,2021,0.0
Nunavut,Men+,96,2021,0.0
Nunavut,Women+,96,2021,0.0
Newfoundland and Labrador,Men+,97,2021,15.0
Newfoundland and Labrador,Women+,97,2021,60.0
Prince Edward Island,Men+,97,2021,15.0
Prince Edward Island,Women+,97,2021,30.0
Nova Scotia,Men+,97,2021,75.0
Nova Scotia,Women+,97,2021,260.0
New Brunswick,Men+,97,2021,85.0
New Brunswick,Women+,97,2021,225.0
Quebec,Men+,97,2021,580.0
Quebec,Women+,97,2021,2070.0
Ontario,Men+,97,2021,1250.0
Ontario,Women+,97,2021,3860.0
Manitoba,Men+,97,2021,115.0
Manitoba,Women+,97,2021,385.0
Saskatchewan,Men+,97,2021,105.0
Saskatchewan,Women+,97,2021,300.0
Alberta,Men+,97,2021,250.0
Alberta,Women+,97,2021,730.0
British Columbia,Men+,97,2021,450.0
British Columbia,Women+,97,2021,1270.0
Yukon,Men+,97,2021,5.0
Yukon,Women+,97,2021,0.0
Northwest Territories,Men+,97,2021,0.0
Northwest Territories,Women+,97,2021,5.0
Nunavut,Men+,97,2021,0.0
Nunavut,Women+,97,2021,0.0
Newfoundland and Labrador,Men+,98,2021,25.0
Newfoundland and Labrador,Women+,98,2021,60.0
Prince Edward Island,Men+,98,2021,5.0
Prince Edward Island,Women+,98,2021,25.0
Nova Scotia,Men+,98,2021,40.0
Nova Scotia,Women+,98,2021,205.0
New Brunswick,Men+,98,2021,45.0
New Brunswick,Women+,98,2021,175.0
Quebec,Men+,98,2021,395.0
Quebec,Women+,98,2021,1440.0
Ontario,Men+,98,2021,815.0
Ontario,Women+,98,2021,2725.0
Manitoba,Men+,98,2021,80.0
Manitoba,Women+,98,2021,280.0
Saskatchewan,Men+,98,2021,80.0
Saskatchewan,Women+,98,2021,260.0
Alberta,Men+,98,2021,175.0
Alberta,Women+,98,2021,480.0
British Columbia,Men+,98,2021,310.0
British Columbia,Women+,98,2021,945.0
Yukon,Men+,98,2021,0.0
Yukon,Women+,98,2021,0.0
Northwest Territories,Men+,98,2021,5.0
Northwest Territories,Women+,98,2021,0.0
Nunavut,Men+,98,2021,0.0
Nunavut,Women+,98,2021,0.0
Newfoundland and Labrador,Men+,99,2021,10.0
Newfoundland and Labrador,Women+,99,2021,45.0
Prince Edward Island,Men+,99,2021,10.0
Prince Edward Island,Women+,99,2021,15.0
Nova Scotia,Men+,99,2021,20.0
Nova Scotia,Women+,99,2021,125.0
New Brunswick,Men+,99,2021,25.0
New Brunswick,Women+,99,2021,125.0
Quebec,Men+,99,2021,265.0
Quebec,Women+,99,2021,1050.0
Ontario,Men+,99,2021,505.0
Ontario,Women+,99,2021,1870.0
Manitoba,Men+,99,2021,60.0
Manitoba,Women+,99,2021,195.0
Saskatchewan,Men+,99,2021,45.0
Saskatchewan,Women+,99,2021,175.0
Alberta,Men+,99,2021,110.0
Alberta,Women+,99,2021,370.0
British Columbia,Men+,99,2021,225.0
British Columbia,Women+,99,2021,695.0
Yukon,Men+,99,2021,5.0
Yukon,Women+,99,2021,0.0
Northwest Territories,Men+,99,2021,0.0
Northwest Territories,Women+,99,2021,0.0
Nunavut,Men+,99,2021,0.0
Nunavut,Women+,99,2021,0.0
Newfoundland and Labrador,Men+,100,2021,10.0
Newfoundland and Labrador,Women+,100,2021,65.0
Prince Edward Island,Men+,100,2021,10.0
Prince Edward Island,Women+,100,2021,30.0
Nova Scotia,Men+,100,2021,45.0
Nova Scotia,Women+,100,2021,240.0
New Brunswick,Men+,100,2021,45.0
New Brunswick,Women+,100,2021,205.0
Quebec,Men+,100,2021,335.0
Quebec,Women+,100,2021,1640.0
Ontario,Men+,100,2021,740.0
Ontario,Women+,100,2021,2960.0
Manitoba,Men+,100,2021,80.0
Manitoba,Women+,100,2021,360.0
Saskatchewan,Men+,100,2021,60.0
Saskatchewan,Women+,100,2021,390.0
Alberta,Men+,100,2021,170.0
Alberta,Women+,100,2021,625.0
British Columbia,Men+,100,2021,325.0
British Columbia,Women+,100,2021,1190.0
Yukon,Men+,100,2021,0.0
Yukon,Women+,100,2021,5.0
Northwest Territories,Men+,100,2021,0.0
Northwest Territories,Women+,100,2021,0.0
Nunavut,Men+,100,2021,0.0
Nunavut,Women+,100,2021,0.0

