alpha_source_65_69,alpha_target_70_74,rmse,mae,max_abs_error,median_abs_error
0.255,0.27,1957.9141716919976,1782.1596382719774,2579.6935829065624,2096.804956644075
0.235,0.245,1994.4680572669051,1844.927971605328,2428.158582906588,2331.834956644103
0.23,0.24,2023.6956879728987,1676.7029716053512,2985.673582906602,1822.819956644089
0.21,0.215,2030.8981163348187,1739.4713049386628,2834.1385829065694,2057.849956644117
0.26,0.275,2031.0598989732161,1950.3846382720124,2605.819956644089,2022.1785829066066
0.25,0.265,2031.1571525261045,1613.9346382720203,3137.2085829066345,1587.7899566441192
0.215,0.22,2044.9537455291338,1907.6963049386784,2566.864956644131,2276.6235829065554
0.19,0.19,2052.610080481572,1802.2396382720133,2682.6035829065368,2292.879956644145
0.17,0.165,2088.3790815383345,1865.0079716053442,2531.0685829066206,2527.9099566441146
0.24,0.25,2108.1767737659034,2013.1529716053435,2840.849956644117,1870.643582906574
0.195,0.195,2108.3706679327374,1970.46463827199,2801.8949566440424,2125.088582906639
0.165,0.16,2130.381719990278,1708.202721428456,3088.583582906518,2018.8949566441006
0.185,0.185,2136.618191357529,1715.3077214284567,3240.1185829065507,1783.8649566441309
0.15,0.14,2137.499542940076,1927.7763049386558,2762.9399566440843,2379.533582906588
0.145,0.135,2138.0770127027167,1759.5513049386598,2937.048582906602,2253.9249566440703
0.205,0.21,2156.6655699391367,1722.4127214284188,3391.653582906525,1548.834956644103
0.175,0.17,2183.5924499765683,2033.2329716053016,3036.9249566440703,1973.5535829066066
0.225,0.235,2190.1446362356764,1729.5177214284195,3543.1885829064995,1313.804956644075
0.22,0.225,2196.1494411412204,2075.921304938655,3075.879956644145,1719.1085829065414
0.265,0.28,2236.27561064635,2118.6096382720084,3114.834956644103,1776.33037526533
0.245,0.26,2236.4522657219986,1736.6227214284397,3694.723582906532,1078.774956644047
0.155,0.145,2269.4455631145474,2096.001304938652,3271.9549566440983,1822.018582906574
0.14,0.13,2271.0768838761364,1901.6560547618235,3494.5635829065577,1744.9099566441728
0.2,0.2,2293.7291663040696,2138.6896382720247,3310.909956644173,1567.573582906567
0.16,0.155,2302.1019181567353,1908.7610547617853,3646.0985829065903,1509.8799566440866
0.245,0.255,2344.1125552080284,2181.37797160532,3349.864956644131,1881.1403752652695
0.18,0.18,2345.4241264290135,1915.8660547617862,3797.6335829065647,1274.849956644117
0.135,0.12,2364.772378567536,2158.7696382720023,3506.984956644126,1670.4835829065414
0.18,0.175,2399.7442928430187,2201.457971605317,3545.9399566440843,1642.3953752652742
0.2,0.205,2400.3777799004197,1922.971054761787,3949.168582906539,1039.8199566441472
0.225,0.23,2459.3203935937827,2244.1463049386707,3584.894956644159,1985.9503752653254
0.22,0.23,2466.1854556772464,1930.0760547617683,4100.7035829065135,884.7346247346723
0.16,0.15,2513.127516832693,2264.2263049386675,3780.9699566441122,1747.20537526533
0.135,0.125,2515.5824368831913,2102.214388095114,4052.0785829065717,1235.8949566441006
0.24,0.255,2542.004323265108,1937.1810547617886,4252.238582906546,989.5446247346699
0.155,0.15,2577.7447690457866,2109.3193880951344,4203.613582906546,1123.4796247347258
0.205,0.205,2580.9122393755583,2306.914638272021,3819.9249566441285,2090.7603752653813
0.26,0.28,2626.967704284351,1944.2860547617893,4403.773582906579,1094.3546247346676
0.14,0.125,2632.92712068537,2326.994638271979,4015.99995664414,1852.0153752652695
0.175,0.175,2649.6866331852884,2116.4243880951544,4355.148582906579,1228.2896247347817
0.25,0.26,2670.0685230105646,2349.6029716053163,3858.8799566440866,2434.315375265316
0.185,0.18,2708.0282935229147,2369.682971605313,4054.9549566440983,2195.5703752653208
0.195,0.2,2730.6351781166913,2123.5293880951162,4506.683582906553,1333.099624734663
0.23,0.235,2803.1034788101206,2412.3713049386474,4093.9099566440564,2539.125375265372
0.215,0.225,2819.814844986497,2130.6343880951367,4658.218582906586,1437.9096247346606
0.165,0.155,2839.9268567751383,2432.4513049386246,4289.984956644068,2300.38037526526
0.13,0.12,2842.9681083480286,2302.772721428463,4609.593582906586,1571.8446247347165
0.235,0.25,2916.4706592376237,2137.739388095137,4809.75358290656,1542.7196247347165
0.15,0.145,2928.1070388827975,2309.8777214284637,4761.12858290656,1676.6546247347142
0.21,0.21,2940.2330469561334,2475.139638271959,4328.939956644084,2643.9353752653114
0.145,0.13,2975.972097869088,2495.2196382720335,4525.014956644154,2405.190375265316
0.255,0.275,3019.8848512040536,2261.034416999047,4961.288582906593,1647.529624734656
0.17,0.17,3020.697280327204,2316.9827214284646,4912.663582906593,1781.4646247347118
0.255,0.265,3057.387127550231,2517.8279716053316,4367.894956644159,2987.4903752652463
0.19,0.185,3080.910529382268,2537.9079716053093,4563.969956644112,2748.745375265251
0.19,0.195,3120.0755359041173,2324.087721428465,5064.198582906625,1886.2746247347095
0.235,0.24,3201.6354120260125,2580.5963049387015,4602.924956644187,3092.300375265302
0.17,0.16,3224.671622329055,2600.6763049386595,4798.99995664414,2853.555375265307
0.21,0.22,3225.614468945127,2473.352750332366,5215.733582906541,1991.0846247347072
0.145,0.14,3329.6848877960315,2521.8794169990774,5318.643582906632,2229.8296247347025
0.23,0.245,3336.7295540602736,2637.144416999033,5367.268582906574,2095.8946247346466
0.215,0.215,3348.5490346593,2713.3455830009575,4837.954956644098,3197.110375265358
0.15,0.135,3371.121848257578,2664.8189163342663,5034.029956644052,2958.3653752653045
0.165,0.165,3436.907439650024,2685.671083665744,5470.178582906607,2334.6396247347584
0.25,0.27,3452.8825050616138,2800.9360836657384,5518.803582906607,2200.7046247347025
0.26,0.27,3485.672684274525,2925.6639163342575,4876.909956644056,3540.665375265293
0.195,0.19,3497.7921644441108,2877.1372496676245,5072.984956644126,3301.9203752652975
0.185,0.19,3549.2706444529817,2849.4627503323522,5621.713582906523,2439.449624734698
0.24,0.245,3636.9626605465774,3089.4555830009435,5111.939956644084,3645.4753752653487
0.175,0.165,3649.078990091235,3040.928916334233,5308.014956644096,3406.730375265237
0.205,0.215,3666.301887267349,3013.254416999019,5773.248582906555,2544.2596247346373
0.14,0.135,3766.130634607523,3061.7810836657495,5876.158582906588,2783.004624734749
0.225,0.24,3787.5684827782025,3177.0460836657244,5924.783582906588,2649.069624734693
0.22,0.22,3790.0578872455553,3253.2472496676105,5346.969956644112,3750.285375265288
0.155,0.14,3802.165565615787,3204.7205830009384,5543.044956644124,3511.540375265293
0.16,0.16,3883.812730052363,3225.5727503323774,6027.693582906562,2887.8146247346886
0.245,0.265,3912.6766486689708,3340.83775033243,6076.318582906621,2753.879624734749
0.265,0.275,3941.593581298773,3465.565583000949,5385.92495664407,4093.8403752653394
0.2,0.195,3944.748185281839,3417.0389163342575,5581.999956644082,3855.095375265286
0.18,0.185,4005.4613653678903,3389.3644169990826,6179.228582906595,2992.6246247347444
0.245,0.25,4097.373959126893,3629.3572496675965,5620.954956644098,4198.650375265279
0.18,0.17,4100.85305321301,3580.830583000905,5817.029956644052,3959.9053752652835
0.2,0.21,4130.726115217795,3553.1560836657104,6330.763582906569,3097.434624734684
0.135,0.13,4226.656639223401,3601.682750332402,6433.673582906602,3336.1796247346792
0.225,0.225,4254.438250095664,3793.1489163343017,5855.984956644126,4303.460375265335
0.16,0.145,4258.216920843609,3744.622249667591,6052.05995664408,4064.715375265281
0.22,0.235,4259.287944079351,3716.947750332358,6482.2985829064855,3202.2446247346816
0.155,0.155,4351.967116093898,3765.4744169991077,6585.208582906635,3440.989624734735
0.24,0.26,4390.857251650055,3880.7394169990635,6633.833582906576,3307.0546247346792
0.205,0.2,4412.6493571292185,3956.9405830009878,6091.014956644154,4408.270375265391
0.27,0.28,4416.599794233532,4005.467249667621,5894.939956644084,4647.015375265328
0.14,0.12,4416.705218601442,3908.413916334277,6287.089956644108,4169.525375265279
0.175,0.18,4480.409275432674,3929.2660836656964,6736.743582906551,3545.7996247346746
0.185,0.175,4571.88822437926,4120.732249667577,6326.044956644066,4513.080375265272
0.25,0.255,4575.3029639251945,4169.258916334288,6129.969956644112,4751.825375265325
0.195,0.205,4611.721460946457,4093.0577503323634,6888.278582906525,3650.6096247346723
0.13,0.125,4704.196065100121,4141.584416999074,6991.188582906616,3889.354624734726
0.165,0.15,4732.051097105087,4284.523916334263,6561.074956644094,4617.8903752652695
0.23,0.23,4734.965548251848,4333.050583000993,6364.99995664414,4856.635375265381
0.215,0.23,4745.665438426449,4256.84941699903,7039.813582906558,3755.41962473467
0.15,0.15,4835.202386773211,4305.376083665702,7142.723582906532,3994.1646247346653
0.235,0.255,4882.024593930966,4420.641083665755,7191.34858290659,3860.229624734726
0.145,0.125,4893.047240438149,4448.315583000968,6796.104956644122,4722.700375265325
0.21,0.205,4895.49367650606,4496.84224966766,6600.029956644168,4961.445375265321
0.17,0.175,4968.738440022985,4469.167750332388,7294.258582906565,4098.974624734721
0.255,0.28,5020.602143186379,4584.432750332402,7342.883582906565,3965.0396247346653
0.19,0.18,5056.804919357661,4660.633916334326,6835.059956644196,5066.255375265318
0.255,0.26,5065.794009483982,4709.16058300094,6638.984956644126,5305.000375265256
0.19,0.2,5104.605696017706,4632.959416999035,7445.793582906597,4203.784624734661
0.125,0.12,5194.058410911945,4681.486083665707,7548.703582906572,4442.529624734656
0.17,0.155,5218.826660305774,4824.425583000954,7070.089956644108,5171.065375265316
0.235,0.235,5227.188589140096,4872.952249667646,6874.014956644154,5409.810375265311
0.21,0.225,5242.622912285537,4796.75108366576,7597.32858290663,4308.5946247347165
0.145,0.145,5329.417824359727,4845.277750332393,7700.238582906604,4547.339624734712
0.15,0.13,5381.49472640709,4988.217249667621,7305.1199566441355,5275.875375265314
0.23,0.25,5382.624708371842,4960.542750332369,7748.863582906546,4413.404624734656
0.215,0.21,5389.2662031577665,5036.743916334312,7109.044956644066,5514.620375265367
0.165,0.17,5466.864181538718,5009.069416999079,7851.773582906579,4652.149624734768
0.25,0.275,5524.460205674373,5124.334416999055,7900.398582906579,4518.214624734712
0.195,0.185,5551.967032747092,5200.53558300094,7344.074956644094,5619.430375265307
0.26,0.265,5565.526800348305,5249.062249667612,7147.99995664414,5858.175375265302
0.185,0.195,5606.243989903472,5172.861083665746,8003.308582906611,4756.959624734707
0.175,0.16,5715.237853236964,5364.327249667588,7579.104956644122,5724.240375265246
0.24,0.24,5728.093071327575,5412.853916334298,7383.02995664411,5962.985375265358
0.205,0.22,5747.4165875996605,5336.652750332335,8154.843582906527,4861.769624734647
0.14,0.14,5831.822567276759,5385.179416999065,8257.75358290656,5100.514624734758
0.155,0.135,5879.031175932394,5528.118916334274,7814.134956644091,5829.050375265302
0.225,0.245,5890.253071868295,5500.444416999041,8306.37858290656,4966.5796247347025
0.22,0.215,5891.219734854244,5576.645583000926,7618.05995664408,6067.7953752652975
0.16,0.165,5972.335737169304,5548.971083665732,8409.288582906593,5205.324624734698
0.245,0.27,6034.635294037401,5664.236083665727,8457.913582906593,5071.3896247347
0.2,0.19,6054.86149775799,5740.437249667632,7853.089956644108,6172.605375265353
0.265,0.27,6072.220027989491,5788.9639163343045,7657.014956644154,6411.3503752652905
0.18,0.19,6114.482146583656,5712.76275033236,8560.823582906567,5310.134624734637
0.18,0.165,6218.977698293942,5904.22891633426,8088.1199566441355,6277.415375265293
0.245,0.245,6235.587206125451,5952.755583000951,7892.044956644124,6516.160375265288
0.2,0.215,6258.15050525803,5876.554416999027,8712.358582906541,5414.944624734693
0.135,0.135,6340.470207314576,5925.081083665718,8815.268582906574,5653.689624734689
0.16,0.14,6383.5317441736925,6068.020583000946,8323.149956644163,6382.2253752652905
0.225,0.22,6399.429474900451,6116.5472496676375,8127.074956644152,6620.970375265344
0.22,0.24,6403.23837087006,6040.346083665713,8863.893582906574,5519.754624734691
0.155,0.16,6483.43521750612,6088.8727503324235,8966.803582906607,5758.499624734744
0.24,0.265,6549.651409354089,6204.137750332399,9015.428582906607,5624.564624734689
0.205,0.195,6563.7112570102145,6280.338916334226,8362.104956644063,6725.7803752652835
0.27,0.275,6584.266964156908,6328.865583000977,8166.02995664411,6964.525375265337
0.175,0.185,6627.802052830408,6252.6644169990905,9118.338582906581,5863.309624734742
0.185,0.17,6728.400358832062,6444.130583000893,8597.134956644033,6830.590375265281
0.25,0.25,6748.184441807284,6492.657249667604,8401.05995664408,7069.335375265335
0.195,0.21,6773.48108032766,6416.456083665699,9269.873582906555,5968.119624734682
0.13,0.13,6853.970989691993,6464.9827503324095,9372.783582906588,6206.864624734735
0.165,0.145,6893.467587086382,6607.922249667579,8832.164956644061,6935.400375265279
0.23,0.225,6912.515687371862,6656.4489163342705,8636.089956644108,7174.145375265274
0.215,0.235,6920.389432810922,6580.247750332365,9421.40858290653,6072.929624734679
0.15,0.155,6998.92978717298,6628.7744169990765,9524.31858290662,6311.674624734675
0.145,0.12,7058.886415139429,6771.7139163342845,9067.194956644089,7040.210375265335
0.235,0.26,7068.450461035742,6744.0394169990905,9572.94358290662,6177.739624734735
0.21,0.2,7077.23187820103,6820.240583000977,8871.119956644136,7278.95537526533
0.275,0.28,7100.509469489419,6868.76724966761,8675.044956644066,7517.700375265325
0.17,0.18,7145.108541244417,6792.566083665665,9675.853582906537,6416.484624734614
0.19,0.175,7242.306749208873,6984.032249667584,9106.149956644105,7383.7653752652695
0.255,0.255,7264.804649827432,7032.5589163342565,8910.074956644094,7622.510375265265
0.19,0.205,7292.4338892239675,6956.357750332371,9827.38858290657,6521.29462473467
0.125,0.125,7371.310744317096,7004.8844169990625,9930.298582906602,6760.039624734665
0.17,0.15,7407.71632175523,7147.8239163342705,9341.179956644075,7488.575375265325
0.235,0.23,7429.468119330642,7196.350583000963,9145.104956644122,7727.320375265321
0.21,0.23,7440.837725242383,7120.149416999057,9978.923582906602,6626.104624734668
0.145,0.15,7517.915402291099,7168.6760836657295,10081.833582906576,6864.849624734721
0.15,0.125,7573.438665474973,7311.615583000957,9576.209956644103,7593.385375265323
0.23,0.255,7590.2567901374405,7283.941083665704,10130.458582906518,6730.914624734665
0.215,0.205,7594.475922293556,7360.142249667668,9380.13495664415,7832.130375265377
0.165,0.175,7665.594560428878,7332.467750332396,10233.36858290655,6969.659624734777
0.25,0.28,7740.632292598315,7447.7327503324095,10281.99358290655,6835.724624734721
0.195,0.18,7759.806092589693,7523.933916334335,9615.164956644177,7936.940375265316
0.26,0.26,7784.646929932613,7572.460583000949,9419.089956644108,8175.685375265311
0.185,0.2,7814.287299293369,7496.259416999043,10384.903582906583,7074.469624734658
0.12,0.12,7891.734520058301,7544.7860836657155,10487.813582906558,7313.214624734712
0.175,0.155,7925.438455822903,7687.7255830009235,9850.194956644089,8041.750375265256
0.24,0.235,7949.532554068094,7736.252249667635,9654.119956644077,8280.495375265367
0.205,0.225,7963.936846125102,7660.0510836657295,10536.438582906616,7179.279624734656
0.14,0.145,8039.7160217437995,7708.5777503323625,10639.348582906532,7418.0246247347095
0.155,0.13,8091.354454084465,7851.51724966761,10085.224956644117,8146.560375265311
0.225,0.25,8114.490263990075,7823.842750332376,10687.973582906532,7284.089624734712
0.22,0.21,8114.73141236463,7900.043916334301,9889.149956644105,8385.305375265307
0.16,0.17,8188.653842216001,7872.369416999068,10790.883582906565,7522.834624734707
0.245,0.275,8265.898164256612,7987.634416999043,10839.508582906565,7388.899624734651
0.2,0.185,8280.224756828506,8063.835583000929,10124.179956644075,8490.115375265304
0.265,0.265,8307.106411459625,8112.362249667601,9928.104956644122,8728.860375265242
0.18,0.195,8338.496737850499,8036.161083665735,10942.418582906597,7627.644624734705
0.18,0.16,8445.995276728781,8227.627249667616,10359.209956644103,8594.925375265302
0.245,0.24,8472.135917481288,8276.153916334306,10163.13495664415,8833.670375265297
0.2,0.22,8489.19678231085,8199.952750332342,11093.953582906513,7732.4546247347025
0.135,0.14,8563.81709920367,8248.479416999055,11196.863582906604,7971.199624734698
0.16,0.135,8612.026966260853,8391.418916334302,10594.23995664413,8699.7353752653
0.225,0.215,8637.45420476361,8439.945583000954,10398.16495664412,8938.480375265353
0.22,0.245,8640.709127878443,8363.744416999049,11245.488582906546,7837.2646247347
0.155,0.165,8713.823007982866,8412.271083665759,11348.398582906637,8076.009624734754
0.24,0.27,8792.991784288006,8527.536083665715,11397.023582906579,7942.074624734698
0.205,0.19,8803.045003670624,8603.737249667602,10633.194956644089,9043.290375265293
0.27,0.27,8831.718627932429,8652.263916334292,10437.119956644136,9282.035375265288
0.175,0.19,8864.644244550283,8576.062750332387,11499.933582906553,8180.819624734693
0.185,0.165,8968.893220239757,8767.528916334268,10868.224956644117,9148.10037526529
0.25,0.245,8996.835780673906,8816.05558300096,10672.149956644105,9386.845375265344
0.195,0.215,9016.239893246844,8739.854416999035,11651.468582906527,8285.62962473469
0.13,0.135,9089.820723809236,8788.381083665727,11754.37858290656,8524.374624734744
0.165,0.14,9134.984834011768,8931.320583000934,11103.254956644145,9252.910375265288
0.23,0.22,9162.222015865465,8979.847249667626,10907.179956644133,9491.655375265284
0.215,0.24,9168.571541132442,8903.6460836657,11803.00358290656,8390.439624734689
0.15,0.16,9240.74233843326,8952.172750332393,11905.913582906593,8629.184624734684
0.235,0.265,9321.603105652062,9067.437750332407,11954.538582906593,8495.249624734744
0.21,0.195,9327.863020743525,9143.638916334234,11142.209956644103,9596.465375265281
0.275,0.275,9358.121542204597,9192.165583000984,10946.13495664415,9835.210375265335
0.17,0.185,9392.404122576088,9115.964416999079,12057.448582906567,8733.99462473474
0.19,0.17,9493.745460125338,9307.43058300092,11377.23995664413,9701.275375265279
0.255,0.25,9523.285620446426,9355.957249667592,11181.16495664412,9940.020375265274
0.19,0.21,9544.770793497593,9279.756083665707,12208.983582906541,8838.80462473468
0.125,0.13,9617.414733566413,9328.282750332379,12311.893582906574,9077.549624734675
0.17,0.145,9659.856896025753,9471.222249667606,11612.2699566441,9806.085375265335
0.235,0.225,9688.702559201643,9519.74891633426,11416.194956644089,10044.830375265272
0.21,0.235,9697.809126868611,9443.547750332393,12360.518582906574,8943.614624734677
0.145,0.155,9769.128640786008,9492.074416999085,12463.428582906607,9182.35962473473
0.15,0.12,9826.185714909512,9635.013916334274,11847.29995664407,9910.895375265332
0.23,0.26,9851.48782083688,9607.339416999059,12512.053582906607,9048.424624734675
0.215,0.2,9854.359624801124,9683.540583000984,11651.224956644117,10149.640375265386
0.28,0.28,9886.02910972992,9732.067249667598,11455.149956644047,10388.385375265323
0.165,0.18,9921.519072459541,9655.866083665673,12614.963582906523,9287.16962473467
0.195,0.175,10020.244907749924,9847.332249667592,11886.254956644087,10254.450375265267
0.26,0.255,10051.210466249308,9895.858916334264,11690.179956644075,10493.19537526532
0.185,0.205,10074.555328761822,9819.657750332359,12766.498582906555,9391.979624734668
0.12,0.125,10146.351039063231,9868.18441699907,12869.408582906588,9630.724624734721
0.175,0.15,10186.34725845417,10011.12391633424,12121.284956644056,10359.260375265265
0.24,0.23,10216.631058103363,10059.65058300095,11925.209956644103,10598.005375265318
0.205,0.23,10228.208420908231,9983.449416999045,12918.033582906588,9496.789624734665
0.14,0.15,10298.756124852496,10031.976083665717,13020.943582906562,9735.53462473466
0.155,0.125,10352.656228741322,10174.915583000946,12356.314956644084,10464.07037526532
0.22,0.205,10382.279450107038,10223.442249667636,12160.23995664413,10702.815375265316
0.225,0.255,10382.45096270347,10147.241083665713,13069.568582906504,9601.599624734721
0.16,0.175,10451.783297247644,10195.767750332403,13172.478582906537,9840.344624734716
0.245,0.28,10537.25706939416,10311.032750332399,13221.103582906595,9706.40962473466
0.2,0.18,10548.144910124127,10387.233916334322,12395.269956644159,10807.625375265314
0.265,0.26,10580.389527287134,10435.760583000918,12199.194956644089,11046.370375265251
0.18,0.2,10605.4056277076,10359.55941699903,13324.01358290657,9945.154624734656
0.18,0.155,10714.21735695093,10551.025583000932,12630.29995664407,10912.435375265311
0.245,0.235,10745.794105517454,10599.552249667622,12434.224956644117,11151.180375265307
0.2,0.225,10759.597623793841,10523.351083665717,13475.548582906544,10049.964624734712
0.135,0.145,10829.442687516259,10571.877750332409,13578.458582906576,10288.709624734707
0.16,0.13,10880.487312669007,10714.817249667618,12865.329956644098,11017.24537526531
0.225,0.21,10911.415922297623,10763.343916334328,12669.254956644145,11255.990375265363
0.22,0.25,10914.335141722504,10687.142750332423,13627.083582906635,10154.77462473471
0.155,0.17,10983.030336119487,10735.669416999095,13729.993582906609,10393.519624734763
0.24,0.275,11069.595304611437,10850.93441699905,13778.61858290655,10259.584624734707
0.205,0.185,11077.245233482645,10927.135583000918,12904.284956644056,11360.800375265302
0.27,0.265,11110.6435972659,10975.662249667608,12708.209956644103,11599.545375265297
0.175,0.195,11137.169293325487,10899.461083665761,13881.528582906642,10498.329624734703
0.185,0.16,11243.272857945321,11090.927249667604,13139.314956644084,11465.6103752653
0.25,0.24,11276.017897422633,11139.453916334314,12943.23995664413,11704.355375265353
0.195,0.22,11291.836982281133,11063.25275033237,14033.063582906558,10603.1396247347
0.13,0.14,11361.039917598271,11111.779416999061,14135.97358290659,10841.884624734754
0.165,0.135,11409.490138295225,11254.71891633429,13374.344956644112,11570.420375265297
0.23,0.215,11441.600244837851,11303.245583000942,13178.2699566441,11809.165375265293
0.215,0.245,11447.011970937345,11227.044416999037,14184.598582906532,10707.949624734698
0.15,0.165,11515.124164318237,11275.571083665729,14287.508582906623,10946.694624734693
0.235,0.27,11602.673905324787,11390.836083665743,14336.133582906565,10812.759624734696
0.21,0.19,11607.38173596884,11467.037249667628,13413.299956644129,11913.975375265349
0.275,0.27,11641.825785754323,11515.5639163343,13217.224956644117,12152.720375265344
0.17,0.19,11669.721465922787,11439.362750332357,14439.043582906539,11051.504624734633
0.19,0.165,11773.353958345133,11630.828916334256,13648.329956644098,12018.785375265288
0.255,0.245,11807.159530211557,11679.355583000928,13452.254956644087,12257.530375265284
0.19,0.215,11824.811699427793,11603.154416999061,14590.578582906572,11156.314624734689
0.125,0.135,11893.42570415996,11651.681083665715,14693.488582906546,11395.059624734684
0.17,0.14,11939.50895785126,11794.620583000942,13883.359956644126,12123.595375265344
0.235,0.22,11972.693213309545,11843.147249667614,13687.284956644173,12362.340375265281
0.21,0.24,11980.375721311013,11766.946083665709,14742.113582906546,11261.124624734686
0.145,0.16,12047.952587857457,11815.472750332401,14845.023582906579,11499.86962473474
0.23,0.265,12136.395312562247,11930.737750332375,14893.648582906579,11365.934624734684
0.215,0.195,12138.418655259,12006.938916334242,13922.314956644084,12467.150375265279
0.28,0.275,12173.814603085279,12055.465583000972,13726.23995664413,12705.895375265332
0.165,0.185,12202.95891168609,11979.264416999067,14996.558582906611,11604.67962473468
0.195,0.17,12304.328107735197,12170.730583000928,14157.344956644112,12571.960375265277
0.26,0.25,12339.10047794358,12219.25724966762,13961.2699566441,12810.70537526533
0.185,0.21,12358.426635437281,12143.056083665695,15148.093582906527,11709.489624734677
0.12,0.13,12426.498695752362,12191.582750332387,15251.00358290656,11948.23462473473
0.175,0.145,12470.41422637653,12334.522249667576,14392.374956644082,12676.770375265274
0.24,0.225,12504.579052548415,12383.048916334266,14196.299956644129,12915.51537526527
0.205,0.235,12514.338562977424,12306.847750332381,15299.62858290656,11814.299624734675
0.14,0.155,12581.422275836156,12355.374416999053,15402.538582906593,12053.04462473467
0.155,0.12,12636.670045315632,12498.31391633428,14627.40495664411,12781.58037526533
0.22,0.2,12670.24277668856,12546.840583000952,14431.329956644098,13020.325375265325
0.225,0.26,12670.678296615073,12470.639416999067,15451.163582906593,11919.10962473473
0.16,0.18,12736.795562166579,12519.166083665681,15554.073582906509,12157.854624734668
0.2,0.175,12836.084481693542,12710.6322496676,14666.359956644126,13125.135375265265
0.265,0.255,12871.741642907495,12759.158916334292,14470.284956644173,13363.88037526526
0.18,0.205,12892.602296049366,12682.957750332347,15705.608582906541,12262.664624734665
0.18,0.15,13002.09735712934,12874.423916334286,14901.389956644096,13229.94537526532
0.245,0.23,13037.1607210653,12922.950583000958,14705.314956644143,13468.690375265316
0.2,0.23,13048.826951029716,12846.749416999053,15857.143582906574,12367.474624734721
0.135,0.15,13115.454978406267,12895.276083665725,15960.053582906607,12606.219624734658
0.16,0.125,13168.274929143714,13038.215583000934,15136.419956644066,13334.755375265318
0.225,0.205,13202.758972054562,13086.742249667645,14940.344956644112,13573.500375265372
0.22,0.255,13205.454694704424,13010.54108366574,16008.678582906607,12472.284624734719
0.155,0.175,13271.15910795312,13059.067750332431,16111.588582906581,12711.029624734772
0.24,0.28,13362.471352710625,13174.332750332405,16160.213582906581,12577.094624734716
0.205,0.18,13368.52973754392,13250.53391633431,15175.37495664414,13678.310375265311
0.27,0.26,13404.999556985422,13299.060583000924,14979.29995664407,13917.055375265307
0.175,0.2,13427.27175969713,13222.85941699904,16263.123582906555,12815.839624734712
0.185,0.155,13534.466678638413,13414.32558300092,15410.404956644052,13783.12037526531
0.25,0.235,13570.356293642133,13462.85224966763,15214.329956644098,14021.865375265363
0.195,0.225,13583.778848724865,13386.651083665725,16414.658582906588,12920.64962473471
0.13,0.145,13649.984614729321,13435.177750332397,16517.568582906562,13159.394624734705
0.165,0.13,13700.563757338708,13578.117249667606,15645.43495664408,13887.930375265307
0.23,0.21,13735.88675012119,13626.643916334297,15449.359956644126,14126.675375265302
0.215,0.25,13740.666897043971,13550.442750332411,16566.19358290662,13025.459624734707
0.15,0.17,13805.988368415914,13598.969416999083,16669.103582906595,13264.204624734703
0.235,0.275,13897.92300317297,13714.234416999077,16717.728582906595,13130.269624734705
0.21,0.185,13901.584720817464,13790.435583000906,15684.389956644096,14231.485375265242
0.275,0.265,13938.803435297139,13838.962249667617,15488.314956644143,14470.230375265295
0.17,0.195,13962.378298036198,13762.761083665711,16820.63858290657,13369.014624734642
0.19,0.16,14067.444286370153,13954.227249667592,15919.419956644066,14336.295375265297
0.255,0.24,14104.096145799163,14002.753916334283,15723.344956644112,14575.040375265293
0.19,0.22,14119.141571223818,13926.552750332397,16972.173582906602,13473.824624734698
0.125,0.14,14184.955007265373,13975.07941699907,17075.083582906635,13712.569624734693
0.17,0.135,14233.45979768593,14118.018916334297,16154.449956644094,14441.105375265353
0.235,0.215,14269.557562664373,14166.54558300093,15958.37495664414,14679.85037526529
0.21,0.245,14276.265889272221,14090.344416999045,17123.708582906518,13578.634624734696
0.145,0.165,14341.231239789515,14138.871083665756,17226.618582906667,13817.379624734749
0.23,0.27,14433.739461286043,14254.136083665731,17275.24358290655,13683.444624734693
0.215,0.19,14435.181884568947,14330.337249667597,16193.40495664411,14784.660375265288
0.28,0.27,14473.092868387605,14378.863916334269,15997.329956644098,15023.405375265284
0.165,0.19,14497.873514768795,14302.662750332383,17378.153582906583,13922.189624734689
0.195,0.165,14600.963567831166,14494.128916334264,16428.43495664408,14889.470375265286
0.26,0.245,14638.320741381223,14542.655583000955,16232.359956644126,15128.21537526534
0.185,0.215,14654.870094596725,14466.45441699905,17529.688582906558,14026.999624734686
0.12,0.135,14720.318101793457,14514.981083665742,17632.598582906532,14265.74462473474
0.175,0.14,14766.897312564619,14657.92058300091,16663.464956644108,14994.280375265284
0.24,0.22,14803.712680955428,14706.447249667623,16467.389956644154,15233.025375265279
0.205,0.24,14812.209713304988,14630.246083665717,17681.22358290659,14131.809624734684
0.14,0.16,14876.84307914289,14678.77275033237,17784.133582906565,14370.55462473468
0.22,0.195,14969.26324890969,14870.23891633425,16702.419956644066,15337.835375265277
0.225,0.265,14969.88155445786,14794.037750332383,17832.758582906565,14236.61962473474
0.16,0.185,15033.715876224589,14842.564416999076,17935.668582906597,14475.364624734735
0.2,0.17,15134.967239878231,15034.030583000917,16937.449956644094,15442.645375265274
0.265,0.25,15172.978878559292,15082.557249667627,16741.37495664414,15681.39037526527
0.18,0.21,15190.925717506498,15006.356083665703,18087.203582906513,14580.174624734675
0.18,0.145,15300.819669265038,15197.82224966764,17172.47995664412,15547.45537526533
0.245,0.225,15338.301507351398,15246.348916334275,16976.40495664411,15786.200375265325
0.2,0.235,15348.462246254665,15170.14775033237,18238.738582906546,14684.984624734672
0.135,0.155,15412.785420352175,15218.674416999042,18341.64858290658,14923.729624734668
0.16,0.12,15466.815761904441,15361.613916334269,17407.50995664409,15652.265375265328
0.225,0.2,15503.77877402092,15410.14058300098,17211.434956644138,15891.010375265381
0.22,0.26,15506.315505520983,15333.939416999076,18390.27358290658,14789.794624734728
0.155,0.18,15569.869541133188,15382.46608366567,18493.183582906495,15028.539624734665
0.205,0.175,15669.405779393555,15573.932249667589,17446.464956644108,15995.82037526532
0.27,0.255,15708.026287694813,15622.458916334299,17250.389956644154,16234.565375265316
0.175,0.205,15727.274992958759,15546.257750332376,18644.718582906527,15133.349624734721
0.185,0.15,15835.177824923685,15737.723916334275,17681.494956644077,16100.630375265318
0.25,0.23,15873.280221951803,15786.250583000947,17485.419956644124,16339.375375265314
0.195,0.23,15884.992223559102,15710.049416999022,18796.25358290656,15238.15962473466
0.13,0.15,15949.024945439436,15758.576083665714,18899.163582906593,15476.904624734656
0.165,0.125,16001.090402743426,15901.51558300096,17916.524956644163,16205.440375265316
0.23,0.205,16038.685052598663,15950.042249667613,17720.449956644094,16444.18537526531
0.215,0.255,16043.01203774005,15873.841083665728,18947.788582906593,15342.969624734716
0.15,0.175,16106.303421108798,15922.3677503324,19050.698582906567,15581.714624734712
0.235,0.28,16201.325581746716,16037.632750332414,19099.323582906625,15447.779624734714
0.21,0.18,16204.236158808844,16113.833916334299,17955.47995664412,16548.99537526531
0.275,0.26,16243.424501768857,16162.360583000933,17759.40495664411,16787.740375265304
0.17,0.2,16263.888868826556,16086.159416999008,19202.23358290654,15686.524624734651
0.19,0.155,16369.929102674563,16277.625583000909,18190.509956644033,16653.805375265307
0.255,0.235,16408.61068959966,16326.152249667619,17994.43495664408,16892.550375265302
0.19,0.225,16421.77245136507,16249.951083665714,19353.768582906574,15791.334624734707
0.125,0.145,16485.532654140385,16298.477750332406,19456.678582906607,16030.079624734703
0.17,0.13,16535.759620437435,16441.417249667633,18425.53995664412,16758.615375265363
0.235,0.21,16573.94425123885,16489.943916334287,18229.464956644108,16997.3603752653
0.21,0.25,16579.945651703278,16413.7427503324,19505.303582906607,15896.144624734705
0.145,0.17,16642.990420648108,16462.269416999112,19608.21358290664,16134.889624734758
0.23,0.275,16738.400259421607,16577.534416999068,19656.83858290658,16000.954624734703
0.215,0.185,16739.420819898485,16653.735583000915,18464.494956644077,17102.170375265297
0.28,0.265,16779.13993977253,16702.262249667605,18268.419956644124,17340.915375265293
0.165,0.195,16800.74199120347,16626.06108366574,19759.748582906555,16239.699624734698
0.195,0.16,16905.03619606539,16817.52724966762,18699.524956644105,17206.980375265295
0.26,0.24,16944.259570873353,16866.05391633431,18503.449956644152,17445.72537526535
0.185,0.22,16958.779166860495,16789.852750332386,19911.283582906588,16344.509624734696
0.12,0.14,17022.283188669448,16838.379416999098,20014.19358290662,16583.25462473475
0.175,0.135,17070.78633974016,16981.318916334265,18934.554956644075,17311.790375265293
0.24,0.215,17109.523247418227,17029.84558300096,18738.47995664412,17550.535375265288
0.205,0.245,17117.094036893235,16953.644416999054,20062.818582906562,16449.319624734693
0.14,0.165,17179.906817989293,17002.171083665726,20165.728582906595,16688.06462473469
0.22,0.19,17274.926835298236,17193.637249667623,18973.50995664415,17655.345375265344
0.225,0.27,17275.678966903142,17117.4360836657,20214.353582906537,16554.129624734633
0.16,0.19,17337.812135805412,17165.962750332354,20317.26358290657,16792.874624734628
0.2,0.165,17440.46635379968,17357.428916334273,19208.53995664412,17760.155375265284
0.265,0.245,17480.19759417696,17405.955583000945,19012.464956644108,17998.90037526528
0.18,0.215,17495.99151521058,17329.754416999058,20468.798582906602,16897.684624734684
0.18,0.14,17606.13796871082,17521.220583000937,19443.56995664409,17864.96537526528
0.245,0.22,17645.39292134823,17569.74724966763,19247.494956644136,18103.710375265335
0.2,0.24,17654.437589634726,17493.546083665704,20620.333582906576,17002.49462473468
0.135,0.16,17717.031757375607,17542.072750332358,20723.24358290655,17241.239624734677
0.225,0.195,17810.725219041746,17733.538916334237,19482.524956644047,18208.520375265274
0.22,0.265,17813.143242405196,17657.33775033239,20771.86858290655,17107.304624734737
0.155,0.185,17875.079740857873,17705.864416999044,20874.778582906583,17346.049624734675
0.205,0.17,17976.190707983864,17897.330583000905,19717.554956644075,18313.33037526533
0.27,0.25,18016.398956002802,17945.857249667635,19521.47995664412,18552.075375265325
0.175,0.21,18033.391119097607,17869.65608366571,21026.3135829065,17450.85962473473
0.185,0.145,18141.785743789176,18061.12224966761,19952.584956644103,18418.14037526527
0.25,0.225,18181.527571346596,18109.648916334263,19756.50995664415,18656.885375265265
0.195,0.235,18191.959015697557,18033.447750332376,21177.848582906532,17555.66962473467
0.13,0.155,18254.346830083217,18081.97441699907,21280.758582906565,17794.414624734665
0.165,0.12,18307.50681112663,18224.913916334277,20187.61495664413,18522.950375265325
0.23,0.2,18346.790356233047,18273.44058300095,19991.53995664412,18761.69537526532
0.215,0.26,18350.77678098238,18197.239416999084,21329.383582906565,17660.479624734726
0.15,0.18,18412.527521001062,18245.766083665676,21432.29358290648,17899.224624734663
0.21,0.175,18512.183717369597,18437.232249667595,20226.56995664409,18866.50537526526
0.275,0.255,18552.840823881834,18485.75891633429,20030.494956644136,19105.250375265314
0.17,0.205,18570.961722334847,18409.557750332344,21583.828582906513,18004.03462473466
0.19,0.15,18677.704185950508,18601.023916334263,20461.599956644117,18971.315375265316
0.255,0.23,18717.904428395785,18649.550583000953,20265.524956644105,19210.06037526531
0.19,0.23,18729.643000745673,18573.34941699903,21735.363582906546,18108.844624734716
0.125,0.15,18791.83572666947,18621.87608366572,21838.27358290658,18347.589624734712
0.17,0.125,18843.34841243069,18764.81558300099,20696.629956644145,19076.125375265372
0.235,0.205,18883.099528598847,18813.342249667603,20500.554956644075,19314.87037526531
0.21,0.255,18888.56512921208,18737.141083665716,21886.89858290658,18213.654624734714
0.145,0.175,18950.140146322672,18785.667750332428,21989.80858290661,18452.399624734768
0.23,0.28,19047.722079234078,18900.932750332402,22038.433582906553,18318.464624734712
0.215,0.18,19048.42270335088,18977.13391633429,20735.58495664416,19419.680375265307
0.28,0.26,19089.50292215027,19025.66058300094,20539.50995664409,19658.425375265302
0.165,0.2,19108.688893133276,18949.459416999016,22141.343582906527,18557.209624734707
0.195,0.155,19213.870646651198,19140.925583000935,20970.614956644073,19524.490375265304
0.26,0.235,19254.50325086394,19189.452249667625,20774.53995664412,19763.235375265358
0.185,0.225,19267.47593552394,19113.25108366572,22292.87858290656,18662.019624734705
0.12,0.145,19329.483946741653,19161.777750332392,22395.788582906593,18900.7646247347
0.175,0.13,19379.44016294348,19304.717249667603,21205.6449566441,19629.300375265302
0.24,0.21,19419.632517697773,19353.243916334275,21009.56995664409,19868.045375265297
0.205,0.25,19426.495430200015,19277.042750332388,22444.413582906593,18766.829624734703
0.14,0.17,19487.903974080054,19325.56941699908,22547.323582906625,19005.574624734698
0.22,0.185,19584.887461240847,19517.035583000903,21244.599956644117,19972.855375265237
0.225,0.275,19585.74171522028,19440.834416999056,22595.948582906625,18871.639624734642
0.16,0.195,19646.55977571483,19489.361083665746,22698.8585829066,19110.384624734696
0.2,0.16,19750.26492679696,19680.827249667607,21479.629956644145,20077.665375265293
0.265,0.24,19791.305984410174,19729.35391633426,21283.554956644075,20316.410375265288
0.18,0.22,19805.445685483977,19653.152750332374,22850.393582906574,19215.194624734693
0.18,0.135,19915.761862153577,19844.618916334253,21714.659956644056,20182.47537526529
0.245,0.215,19956.37127139926,19893.145583000947,21518.584956644103,20421.220375265344
0.2,0.245,19964.556209511084,19816.94441699906,23001.928582906607,19320.00462473469
0.135,0.165,20025.806823314513,19865.471083665732,23104.83858290664,19558.749624734686
0.225,0.19,20121.559933003668,20056.93724966761,21753.61495664413,20526.030375265284
0.22,0.27,20123.886020024755,19980.736083665706,23153.463582906523,19424.81462473469
0.155,0.19,20184.562881344813,20029.26275033236,23256.373582906555,19663.559624734684
0.205,0.165,20286.868955438564,20220.72891633426,21988.6449566441,20630.84037526534
0.27,0.245,20328.29647519984,20269.25558300095,21792.56995664409,20869.585375265335
0.175,0.215,20343.541396703004,20193.054416999064,23407.908582906588,19768.36962473474
0.185,0.14,20452.29542019589,20384.520583000925,22223.67495664413,20735.65037526528
0.25,0.22,20493.299622205377,20433.04724966758,22027.599956644117,20974.395375265274
0.195,0.24,20502.73719457776,20356.846083665714,23559.443582906562,19873.17962473468
0.13,0.16,20563.837784579624,20405.372750332386,23662.353582906537,20111.924624734675
0.23,0.195,20658.4239304332,20596.838916334247,22262.62995664403,21079.20537526533
0.215,0.265,20662.145252674716,20520.63775033242,23710.978582906595,19977.989624734735
0.15,0.185,20722.68791168856,20569.164416999072,23813.88858290657,20216.73462473473
0.21,0.17,20823.666517586586,20760.630583000893,22497.659956644056,21184.01537526527
0.275,0.25,20865.460226957446,20809.157249667605,22301.584956644103,21422.760375265323
0.17,0.21,20881.753331608183,20732.9560836657,23965.423582906544,20321.54462473467
0.19,0.145,20989.024590103527,20924.422249667597,22732.689956644084,21288.825375265325
0.255,0.225,21030.403048279637,20972.94891633429,22536.61495664413,21527.57037526532
0.19,0.235,21041.029161644325,20896.747750332364,24116.958582906518,20426.354624734668
0.125,0.155,21101.987058576993,20945.274416999076,24219.86858290655,20665.09962473472
0.17,0.12,21154.495439845272,21088.213916334305,22967.719956644112,21393.63537526538
0.235,0.2,21195.464899963506,21136.740583000956,22771.64495664416,21632.38037526532
0.21,0.26,21200.510659471303,21060.539416999072,24268.49358290655,20531.164624734723
0.145,0.18,21260.925608815098,21109.066083665686,24371.403582906525,20769.90962473466
0.215,0.175,21360.643022629934,21300.532249667584,23006.67495664407,21737.190375265316
0.28,0.255,21402.784194256485,21349.058916334296,22810.599956644117,21975.93537526531
0.165,0.205,21420.07272931027,21272.857750332372,24522.9385829065,20874.719624734716
0.195,0.15,21525.93473968148,21464.32391633429,23241.7049566441,21842.000375265314
0.26,0.23,21567.668469835662,21512.85058300094,23045.629956644145,22080.74537526531
0.185,0.23,21579.423805478742,21436.649416999036,24674.473582906532,20979.529624734656
0.12,0.15,21640.245818711144,21485.17608366571,24777.383582906565,21218.27462473465
0.175,0.125,21691.337454292,21628.115583000937,23476.734956644126,21946.81037526531
0.24,0.205,21732.669722004317,21676.642249667628,23280.659956644173,22185.555375265307
0.205,0.255,21738.97435221208,21600.441083665723,24826.008582906565,21084.339624734712
0.14,0.175,21799.26762728396,21648.967750332395,24928.918582906597,21323.084624734707
0.22,0.18,21897.78530648367,21840.433916334296,23515.689956644143,22290.365375265304
0.225,0.28,21898.720009579458,21764.23275033239,24977.543582906597,21189.14962473465
0.16,0.2,21958.49168635685,21812.759416999023,25080.453582906513,21427.894624734647
0.2,0.155,22063.01265634705,22004.22558300094,23750.719956644112,22395.175375265302
0.265,0.235,22105.084074946346,22052.752249667577,23554.644956644042,22633.920375265297
0.18,0.225,22117.91362800317,21976.55108366571,25231.988582906546,21532.704624734703
0.18,0.13,22228.349279277558,22168.01724966761,23985.74995664414,22499.9853752653
0.245,0.21,22270.026539048184,22216.54391633428,23789.67495664407,22738.730375265353
0.2,0.25,22277.529203975086,22140.342750332376,25383.52358290658,21637.5146247347
0.135,0.17,22337.706424617085,22188.869416999067,25486.43358290661,21876.259624734696
0.225,0.185,22435.08146188736,22380.335583000928,24024.7049566441,22843.540375265293
0.22,0.275,22437.33428182297,22304.134416999063,25535.05858290661,21742.324624734698
0.155,0.195,22497.003054511908,22352.661083665753,25637.968582906644,21981.069624734693
0.205,0.16,22600.246379526157,22544.127249667614,24259.734956644126,22948.35037526535
0.27,0.24,22642.63916994227,22592.653916334308,24063.659956644173,23187.095375265344
0.175,0.22,22656.491842719253,22516.45275033238,25789.50358290656,22085.87962473475
0.185,0.135,22765.518897912174,22707.918916334263,24494.764956644096,23053.160375265288
0.25,0.215,22807.524607860163,22756.445583000914,24298.689956644084,23291.905375265284
0.195,0.245,22816.168759584547,22680.24441699905,25941.038582906593,22190.68962473469
0.13,0.165,22876.23516715236,22728.77108366574,26043.948582906625,22429.434624734684
0.23,0.19,22972.520692302016,22920.23724966762,24533.719956644112,23396.71537526534
0.215,0.27,22976.029882785006,22844.036083665716,26092.573582906567,22295.499624734686
0.15,0.19,23035.600352794732,22892.56275033235,26195.48358290654,22534.244624734623
0.21,0.165,23137.625056182584,23084.02891633425,24768.749956644082,23501.52537526528
0.275,0.245,23180.324050452942,23132.55558300094,24572.67495664407,23740.270375265332
0.17,0.215,23195.152292378873,23056.354416999035,26347.018582906574,22639.05462473468
0.19,0.14,23302.835397970004,23247.820583000914,25003.77995664411,23606.335375265277
0.255,0.22,23345.15417191407,23296.347249667626,24807.7049566441,23845.08037526533
0.19,0.24,23354.887158403715,23220.14608366572,26498.553582906607,22743.864624734677
0.125,0.16,23414.847648818624,23268.67275033241,26601.46358290658,22982.60962473473
0.235,0.195,23510.093185672646,23460.138916334196,25042.73495664401,23949.89037526527
0.21,0.265,23514.801223039154,23383.937750332425,26650.08858290664,22848.674624734733
0.145,0.185,23574.2776915156,23432.46441699904,26752.998582906555,23087.41962473467
0.215,0.17,23675.13881584949,23623.93058300092,25277.764956644096,24054.700375265325
0.28,0.25,23718.12988985141,23672.45724966763,25081.689956644143,24293.44537526532
0.165,0.21,23733.889377810483,23596.256083665725,26904.533582906588,23192.229624734726
0.195,0.145,23840.288848137345,23787.722249667586,25512.794956644066,24159.510375265265
0.26,0.225,23882.90635091915,23836.24891633428,25316.719956644112,24398.25537526532
0.185,0.235,23893.679067522182,23760.047750332353,27056.068582906504,23297.039624734665
0.12,0.155,23953.538220813334,23808.574416999065,27158.978582906595,23535.78462473466
0.175,0.12,24005.541127782384,23951.513916334272,25747.824956644094,24264.32037526532
0.24,0.2,24047.79000498459,24000.040583000944,25551.74995664414,24503.065375265316
0.205,0.26,24053.643213191324,23923.83941699908,27207.603582906595,23401.84962473472
0.14,0.18,24113.029706441936,23972.366083665693,27310.51358290651,23640.594624734716
0.22,0.175,24212.778662166096,24163.832249667554,25786.77995664405,24607.875375265256
0.16,0.205,24272.697996178504,24136.15775033234,27462.048582906486,23745.404624734656
0.2,0.15,24377.870190490612,24327.62391633428,26021.80995664408,24712.68537526531
0.265,0.23,24420.773044831352,24376.15058300093,25825.734956644126,24951.430375265307
0.18,0.23,24432.53962374314,24299.949416999065,27613.583582906576,23850.214624734712
0.18,0.125,24543.062514036883,24491.415583000926,26256.839956644108,24817.49537526531
0.245,0.205,24585.6029930671,24539.942249667656,26060.764956644154,25056.240375265363
0.2,0.255,24592.551209258778,24463.74108366571,27765.11858290655,23955.02462473471
0.135,0.175,24651.85150155796,24512.267750332405,27868.028582906583,24193.769624734705
0.225,0.18,24750.53637843844,24703.733916334302,26295.794956644182,25161.050375265302
0.22,0.28,24752.729456696386,24627.53275033242,27916.653582906583,24059.834624734707
0.155,0.2,24811.573487251582,24676.05941699905,28019.563582906558,24298.579624734703
0.205,0.155,24915.57114677986,24867.525583000952,26530.824956644094,25265.860375265358
0.27,0.235,24958.746850184656,24916.05224966766,26334.74995664414,25504.605375265353
0.175,0.225,24971.464383048475,24839.851083665755,28171.09858290659,24403.38962473476
0.185,0.13,25080.70529674642,25031.317249667598,26765.85495664412,25370.670375265297
0.25,0.21,25123.524689534082,25079.84391633427,26569.77995664411,25609.415375265293
0.195,0.25,25131.520965046617,25003.642750332383,28322.633582906565,24508.199624734698
0.13,0.17,25190.738599136545,25052.169416999077,28425.543582906597,24746.944624734693
0.23,0.185,25288.404445156393,25243.635583000898,26804.80995664408,25714.225375265232
0.215,0.275,25291.74008765407,25167.434416999033,28474.168582906597,24613.009624734637
0.15,0.195,25350.51158649333,25215.96108366574,28577.07858290663,24851.75462473469
0.21,0.16,25453.38413649815,25407.427249667584,27039.839956644108,25819.035375265288
0.275,0.24,25496.82098694049,25455.953916334296,26843.764956644154,26057.78037526534
0.17,0.22,25510.449276443247,25379.75275033235,28728.613582906546,24956.56462473469
0.19,0.135,25618.461832838722,25571.218916334252,27274.869956644077,25923.845375265286
0.255,0.215,25661.5482580962,25619.745583000942,27078.794956644066,26162.59037526534
0.19,0.245,25670.54859049937,25543.544416999037,28880.14858290658,25061.374624734686
0.125,0.165,25729.686896059196,25592.07108366575,28983.05858290661,25300.11962473474
0.235,0.19,25826.37596774393,25783.53724966759,27313.824956644094,26267.40037526528
0.21,0.27,25830.806523423627,25707.336083665723,29031.68358290661,25166.184624734684
0.145,0.19,25889.50838398877,25755.862750332355,29134.593582906527,25404.92962473468
0.215,0.165,25991.302205046875,25947.328916334274,27548.85495664412,26372.210375265335
0.28,0.245,26034.98923434821,25995.85558300097,27352.779956644168,26610.95537526533
0.165,0.215,26049.49057126002,25919.654416999063,29286.12858290656,25509.739624734735
0.195,0.14,26156.32510623457,26111.120583000942,27783.88495664415,26477.020375265274
0.26,0.22,26199.667422767485,26159.647249667654,27587.809956644196,26715.765375265328
0.185,0.24,26209.63051517231,26083.44608366571,29437.663582906593,25614.549624734675
0.12,0.16,26268.69262549055,26131.9727503324,29540.573582906625,25853.29462473467
0.24,0.195,26364.444613091444,26323.43891633426,27822.839956644108,26820.575375265325
0.205,0.265,26369.925341640454,26247.237750332413,29589.198582906625,25719.35962473473
0.14,0.185,26428.56028837688,26295.76441699905,29692.10858290654,25958.104624734726
0.22,0.17,26529.318960577555,26487.230583000888,28057.869956644077,26925.385375265265
0.16,0.21,26588.584837151295,26459.556083665695,29843.643582906574,26062.914624734665
0.2,0.145,26694.288664984284,26651.022249667614,28292.899956644105,27030.19537526532
0.265,0.225,26737.876411725225,26699.548916334268,28096.824956644094,27268.940375265316
0.18,0.235,26748.76345610321,26623.347750332363,29995.17858290655,26167.724624734663
0.18,0.12,26859.35196926953,26814.81391633426,28527.929956644075,27135.00537526532
0.245,0.2,26902.604553654714,26863.340583000972,28331.85495664412,27373.750375265372
0.2,0.26,26909.093393886124,26787.139416999067,30146.71358290658,26272.53462473472
0.135,0.18,26967.6639950917,26835.66608366568,30249.623582906555,26511.279624734656
0.225,0.175,27067.428518315144,27027.1322496676,28566.88495664409,27478.56037526531
0.155,0.205,27127.728916123273,26999.457750332367,30401.15858290653,26616.089624734712
0.205,0.15,27232.34656580349,27190.923916334268,28801.91495664406,27583.370375265367
0.27,0.23,27276.16990777508,27239.45058300096,28605.839956644108,27822.115375265304
0.175,0.23,27287.94438947951,27163.249416999053,30552.69358290662,26720.89962473465
0.185,0.125,27397.356997128518,27354.715583000914,29036.94495664409,27688.180375265307
0.25,0.205,27440.85041808887,27403.242249667645,28840.869956644136,27926.92537526536
0.195,0.255,27448.307778843675,27327.04108366572,30704.228582906537,26825.709624734707
0.13,0.175,27506.81645832561,27375.567750332393,30807.13858290657,27064.454624734703
0.23,0.18,27605.625451349413,27567.033916334312,29075.899956644163,28031.735375265358
0.215,0.28,27608.81650674445,27490.832750332385,30855.76358290657,26930.519624734647
0.15,0.2,27666.91989605996,27539.35941699902,30958.673582906544,27169.264624734642
0.21,0.155,27770.49332501314,27730.82558300092,29310.929956644075,28136.545375265297
0.275,0.235,27814.543004532476,27779.35224966763,29114.85495664412,28375.290375265293
0.17,0.225,27827.170525587706,27703.151083665707,31110.208582906518,27274.074624734698
0.19,0.13,27935.452395319517,27894.617249667604,29545.959956644103,28241.355375265295
0.255,0.21,27979.177247545755,27943.1439163343,29349.88495664415,28480.10037526535
0.19,0.25,27987.565818545656,27866.94275033237,31261.74358290655,27378.884624734696
0.125,0.17,28046.01486621423,27915.469416999083,31364.653582906583,27617.62962473475
0.235,0.185,28143.90474703758,28106.935583000904,29584.91495664406,28584.910375265288
0.21,0.275,28148.103301943185,28030.73441699908,31413.278582906583,27483.694624734693
0.145,0.195,28206.155087274474,28079.26108366573,31516.188582906616,27722.43962473469
0.215,0.16,28308.72387503932,28270.72724966759,29819.94495664409,28689.720375265344
0.28,0.24,28352.991167568336,28319.253916334303,29623.869956644136,28928.46537526534
0.165,0.22,28366.439286611207,28243.05275033238,31667.723582906532,27827.249624734744
0.195,0.135,28473.633040380828,28434.51891633426,30054.974956644117,28794.530375265284
0.26,0.215,28517.58045689162,28483.04558300097,29858.899956644163,29033.275375265337
0.185,0.245,28526.865037307758,28406.844416999065,31819.258582906565,27932.059624734684
0.12,0.165,28585.256618821062,28455.371083665716,31922.168582906597,28170.80462473468
0.24,0.19,28682.261768286575,28646.8372496676,30093.929956644075,29138.085375265335
0.205,0.27,28687.42996461506,28570.63608366575,31970.793582906597,28036.86962473474
0.14,0.19,28745.43200169036,28619.162750332325,32073.703582906513,28275.61462473462
0.22,0.165,28847.033525752548,28810.628916334244,30328.959956644103,29242.895375265274
0.16,0.215,28905.748286904993,28782.95441699903,32225.238582906546,28380.424624734675
0.2,0.14,29011.89418823634,28974.42058300093,30563.98995664413,29347.705375265272
0.265,0.22,29056.055800212147,29022.947249667643,30367.914956644177,29586.450375265325
0.18,0.24,29066.203143000384,28946.746083665697,32376.77358290658,28485.234624734672
0.245,0.195,29220.692219089364,29186.73891633423,30602.94495664409,29691.260375265265
0.2,0.265,29226.79428771777,29110.5377503324,32528.30858290661,28590.044624734728
0.135,0.185,29284.748334317075,29159.064416999056,32631.218582906586,28828.789624734665
0.225,0.17,29385.41793003146,29350.530583000935,30837.974956644117,29796.07037526532
0.155,0.21,29445.09531543198,29322.856083665723,32782.75358290656,28933.59962473472
0.205,0.145,29550.231439781066,29514.322249667584,31073.004956644087,29900.88037526526
0.27,0.225,29594.599340062807,29562.848916334293,30876.929956644133,30139.625375265314
0.175,0.235,29605.5780103617,29486.647750332388,32934.28858290659,29038.40962473466
0.185,0.12,29715.13128742304,29678.11391633425,31308.034956644056,30005.690375265316
0.25,0.2,29759.192113782952,29726.64058300096,31111.959956644103,30244.43537526537
0.195,0.26,29766.19422402703,29650.439416999056,33085.82358290657,29143.219624734716
0.13,0.18,29824.101946727827,29698.96608366571,33188.73358290654,29381.964624734712
0.23,0.175,29923.873053022122,29890.43224966757,31346.989956644073,30349.24537526525
0.15,0.205,29984.478320088936,29862.757750332337,33340.268582906516,29486.77462473465
0.21,0.15,30088.640710139753,30054.223916334235,31582.019956644042,30454.055375265307
0.275,0.23,30133.20741999928,30102.750583000947,31385.94495664409,30692.800375265302
0.17,0.23,30144.987666096466,30026.54941699906,33491.80358290661,29591.584624734707
0.19,0.125,30253.493668277853,30218.01558300096,31817.04995664413,30558.865375265304
0.255,0.205,30297.757749565884,30266.542249667633,31620.974956644117,30797.610375265358
0.19,0.255,30305.627871939545,30190.341083665728,33643.33858290658,29696.394624734705
0.125,0.175,30363.490852294894,30238.867750332418,33746.248582906555,29935.13962473476
0.235,0.18,30462.395144640363,30430.3339163343,31856.004956644145,30902.420375265297
0.21,0.28,30466.396867663887,30354.132750332396,33794.873582906555,29801.204624734703
0.145,0.2,30523.895393690305,30402.659416999046,33897.78358290659,30039.949624734698
0.215,0.155,30627.118201149537,30594.12558300093,32091.034956644056,31007.230375265353
0.28,0.235,30671.876639987415,30642.652249667637,31894.959956644103,31245.97537526535
0.165,0.225,30684.430275542876,30566.451083665714,34049.318582906504,30144.759624734754
0.195,0.13,30791.925544342204,30757.917249667593,32326.064956644084,31112.040375265293
0.26,0.21,30836.385681881868,30806.443916334323,32129.98995664413,31350.785375265346
0.185,0.25,30845.093462761735,30730.24275033238,34200.85358290654,30249.569624734693
0.12,0.17,30902.913202965552,30778.769416999054,34303.76358290657,30488.31462473469
0.24,0.185,31000.98071492375,30970.235583000875,32365.019956644042,31455.595375265228
0.205,0.275,31005.882960827144,30894.034416999046,34352.38858290657,30354.379624734633
0.14,0.195,31063.344761407483,30942.56108366574,34455.2985829066,30593.124624734744
0.22,0.16,31165.660376679632,31134.02724966758,32600.04995664407,31560.405375265284
0.16,0.22,31223.904130717656,31106.352750332368,34606.833582906576,30697.934624734684
0.2,0.135,31330.423332667422,31297.818916334247,32835.0799566441,31665.21537526528
0.265,0.215,31375.07270232541,31346.34558300096,32639.004956644145,31903.960375265335
0.18,0.245,31384.589349306225,31270.144416999054,34758.36858290655,30802.74462473468
0.245,0.19,31539.626511897746,31510.137249667663,32874.03495664417,32008.77037526539
0.2,0.27,31545.398494028785,31433.936083665718,34909.90358290658,30907.55462473468
0.135,0.19,31602.82476949207,31482.46275033237,35012.81358290656,31146.299624734675
0.225,0.165,31704.26394045358,31673.928916334273,33109.064956644084,32113.58037526533
0.155,0.215,31763.407639576297,31646.254416999058,35164.34858290653,31251.10962473473
0.205,0.14,31868.983692048285,31837.72058300092,33344.09495664411,32218.39037526527
0.27,0.22,31913.815818775,31886.24724966763,33148.01995664416,32457.135375265323
0.175,0.24,31924.113995641503,31810.046083665704,35315.883582906565,31355.91962473467
0.25,0.195,32078.329501658416,32050.038916334237,33383.04995664407,32561.94537526532
0.195,0.265,32084.941982146174,31973.83775033239,35467.4185829066,31460.729624734726
0.13,0.185,32142.333875131662,32022.364416999084,35570.32858290663,31699.47462473472
0.23,0.17,32242.925816082472,32213.830583000905,33618.0799566441,32666.75537526526
0.15,0.21,32302.939316346867,32186.15608366571,35721.863582906546,31804.28462473466
0.21,0.145,32407.603503004953,32377.62224966761,33853.109956644126,32771.565375265316
0.275,0.225,32452.612237495334,32426.148916334303,33657.03495664417,33010.31037526531
0.17,0.235,32463.66596786154,32349.947750332358,35873.39858290658,31909.0946247346
0.19,0.12,32572.361328229017,32541.413916334295,34088.139956644154,32876.375375265314
0.255,0.2,32617.086850422344,32589.940583000967,33892.06495664414,33115.12037526537
0.19,0.26,32624.51203822595,32513.739416999084,36024.93358290661,32013.904624734714
0.125,0.18,32681.870637307373,32562.266083665676,36127.84358290653,32252.64962473465
0.235,0.175,32781.643129057804,32753.732249667577,34127.09495664411,33219.93037526525
0.145,0.205,32842.49777281461,32726.057750332362,36279.37858290656,32357.459624734707
0.215,0.15,32946.2798497185,32917.523916334285,34362.12495664414,33324.74037526536
0.28,0.23,32991.45934698585,32966.05058300097,34166.04995664419,33563.4853752653
0.165,0.23,33003.2439257586,32889.84941699905,36430.91358290659,32462.269624734705
0.195,0.125,33110.995812466586,33081.31558300095,34597.15495664411,33429.5503752653
0.26,0.205,33155.895908315695,33129.84224966764,34401.0799566441,33668.295375265356
0.185,0.255,33164.10736550977,33053.641083665716,36582.44858290657,32567.079624734703
0.12,0.175,33221.433708541364,33102.16775033239,36685.35858290654,32805.8246247347
0.24,0.18,33320.41319048222,33293.63391633431,34636.109956644126,33773.10537526535
0.205,0.28,33325.08639360363,33217.432750332366,36733.98358290654,32671.889624734642
0.14,0.2,33382.08171044951,33265.959416999016,36836.893582906574,32910.63462473464
0.22,0.155,33485.0100037017,33457.42558300091,34871.13995664404,33877.91537526529
0.16,0.225,33542.846615297865,33429.7510836657,36988.42858290655,33015.44462473469
0.2,0.13,33649.685180900284,33621.2172496676,35106.169956644124,33982.72537526529
0.265,0.21,33694.75419471386,33669.743916334315,34910.09495664411,34221.470375265344
0.18,0.25,33703.72675022485,33593.54275033239,37139.96358290658,33120.25462473469
0.245,0.185,33859.23348234664,33833.53558300094,35145.12495664414,34326.28037526528
0.2,0.275,33864.720472969995,33757.33441699905,37291.498582906555,33225.06462473469
0.135,0.195,33921.68991328376,33805.861083665746,37394.40858290659,33463.809624734684
0.225,0.16,34023.791409013946,33997.327249667585,35380.15495664411,34431.09037526534
0.155,0.22,34082.472861805836,33969.65275033241,37545.94358290662,33568.61962473474
0.205,0.135,34188.42683918447,34161.118916334235,35615.18495664408,34535.90037526528
0.27,0.215,34233.65938495849,34209.64558300094,35419.109956644126,34774.64537526533
0.175,0.245,34243.36905505405,34133.44441699904,37697.47858290654,33673.42962473468
0.25,0.19,34398.10164418554,34373.43724966763,35654.139956644154,34879.45537526533
0.195,0.27,34404.376904220924,34297.236083665746,37849.01358290657,33778.239624734735
0.13,0.19,34461.32124145663,34345.76275033238,37951.9235829066,34016.98462473467
0.23,0.165,34562.62166885246,34537.22891633426,35889.169956644066,34984.26537526527
0.15,0.215,34622.12156379366,34509.554416999024,38103.45858290652,34121.79462473467
0.21,0.14,34727.21835371916,34701.020583000885,36124.19995664409,35089.07537526521
0.275,0.22,34772.60929830515,34749.547249667616,35928.12495664414,35327.82037526532
0.17,0.24,34783.0332132132,34673.346083665674,38254.99358290655,34226.60462473461
0.255,0.195,34937.015460960894,34913.33891633424,36163.15495664405,35432.63037526526
0.19,0.265,34944.0546517864,34837.1377503324,38406.52858290658,34331.41462473472
0.125,0.185,35000.97462535604,34885.66441699907,38509.438582906616,34570.15962473472
0.235,0.17,35101.4985333734,35077.13058300089,36398.18495664408,35537.44037526526
0.145,0.21,35161.79168734916,35049.45608366572,38660.97358290653,34674.96962473472
0.215,0.145,35266.057439407115,35240.92224966758,36633.21495664411,35642.250375265256
0.28,0.225,35311.60188696981,35289.44891633429,36437.139956644154,35880.99537526531
0.165,0.235,35322.71822307007,35213.24775033237,38812.508582906565,34779.779624734656
0.195,0.12,35430.691122427466,35404.71391633429,36868.244956644136,35747.06037526531
0.26,0.2,35475.97285204706,35453.240583000974,36672.169956644124,35985.805375265365
0.185,0.26,35483.752743057354,35377.03941699907,38964.0435829066,34884.58962473471
0.12,0.18,35540.64906029164,35425.56608366568,39066.95358290651,35123.33462473471
0.24,0.175,35640.41988861317,35617.032249667565,36907.19995664409,36090.615375265246
0.14,0.205,35701.48226103521,35589.35775033233,39218.488582906546,35228.14462473465
0.22,0.15,35804.941948511594,35780.82391633427,37142.22995664412,36195.4253752653
0.16,0.23,35862.42314324801,35753.149416999055,39370.02358290658,35332.9546247347
0.2,0.125,35969.53800228835,35944.61558300096,37377.25995664415,36300.2353752653
0.265,0.205,36014.971861199425,35993.14224966767,37181.184956644196,36538.98037526535
0.18,0.255,36023.47026367497,35916.941083665726,39521.55858290661,35437.7646247347
0.245,0.18,36179.38374639547,36156.933916334274,37416.214956644166,36643.79037526529
0.2,0.28,36184.62220381094,36080.73275033237,39673.09358290653,35542.5746247347
0.135,0.2,36241.19237124438,36129.259416999026,39776.00358290656,35781.319624734635
0.225,0.155,36343.86986050133,36320.725583000945,37651.24495664408,36748.60037526535
0.155,0.225,36402.14708816477,36293.05108366573,39927.53858290659,35886.12962473475
0.205,0.13,36508.42920021785,36484.51724966761,37886.274956644105,36853.41037526529
0.27,0.21,36554.01064740829,36533.0439163343,37690.19995664409,37092.15537526534
0.175,0.25,36563.20635323671,36456.84275033238,40079.07358290657,35990.93962473469
0.25,0.185,36718.38823512383,36696.83558300091,37925.22995664412,37196.96537526522
0.195,0.275,36724.36879093372,36620.63441699904,40230.60858290654,36095.749624734686
0.13,0.195,36780.92115796076,36669.16108366576,40333.518582906574,36334.49462473474
0.23,0.16,36882.83927278209,36860.627249667596,38160.25995664409,37301.77537526528
0.15,0.22,36941.889223961516,36832.952750332384,40485.05358290661,36439.30462473468
0.21,0.135,37047.36278226317,37024.4189163342,38395.28995664406,37406.58537526522
0.275,0.215,37093.08747654667,37072.945583000976,38199.21495664411,37645.33037526533
0.17,0.245,37102.9602013763,36996.74441699903,40636.58858290658,36544.11462473462
0.255,0.19,37257.43159137077,37236.73724966764,38434.244956644136,37750.140375265386
0.19,0.27,37264.132755728206,37160.53608366571,40788.123582906555,36648.924624734675
0.125,0.19,37320.667810889325,37209.06275033237,40891.03358290659,36887.66962473467
0.235,0.165,37421.848392226,37400.528916334246,38669.27495664416,37854.95037526527
0.145,0.215,37481.64876478296,37372.85441699906,41042.56858290656,36992.479624734726
0.215,0.14,37586.336925244184,37564.320583000896,38904.304956644075,37959.760375265265
0.28,0.22,37632.200713733124,37612.847249667604,38708.22995664412,38198.50537526532
0.165,0.24,37642.731044180466,37536.646083665684,41194.10358290654,37097.289624734665
0.26,0.195,37796.512152182826,37776.63891633422,38943.25995664403,38303.315375265316
0.185,0.265,37803.91335383964,37700.437750332385,41345.63858290657,37202.09962473472
0.12,0.185,37860.4315659163,37748.96441699906,41448.5485829066,37440.84462473472
0.24,0.17,37960.895527419605,37940.43058300088,39178.28995664406,38408.125375265256
0.14,0.21,38021.42496937372,37912.756083665685,41600.08358290652,37545.654624734656
0.22,0.145,38125.34990894354,38104.22224966759,39413.31995664409,38512.93537526531
0.16,0.235,38182.51816090912,38076.54775033237,41751.61858290655,37650.46462473465
0.2,0.12,38289.87438184206,38268.013916334276,39648.34995664412,38617.74537526531
0.265,0.2,38335.62834803415,38316.540583000984,39452.27495664416,38856.49037526536
0.18,0.26,38343.709882805364,38240.33941699908,41903.15358290658,37755.27462473471
0.245,0.175,38499.97908156104,38480.332249667554,39687.304956644075,38961.300375265244
0.135,0.205,38561.21713796036,38452.65775033236,42157.59858290653,38098.829624734644
0.225,0.15,38664.400108948255,38644.123916334276,39922.3349566441,39066.11037526536
0.155,0.23,38722.320870989264,38616.44941699904,42309.133582906565,38203.6396247347
0.205,0.125,38828.89053721704,38807.91558300095,40157.36495664413,39170.9203752653
0.27,0.205,38874.77869636222,38856.442249667656,39961.28995664418,39409.66537526535
0.175,0.255,38883.52167914994,38780.24108366573,42460.6685829066,38308.4496247347
0.25,0.18,39039.09754594318,39020.23391633432,40196.31995664415,39514.47537526535
0.195,0.28,39044.81836008646,38944.0327503324,42612.20358290657,38413.259624734696
0.13,0.2,39101.02460939086,38992.559416999015,42715.113582906546,38652.00462473463
0.23,0.155,39203.48599007924,39184.02558300091,40431.34995664406,39619.28537526529
0.15,0.225,39262.13853125676,39156.351083665715,42866.64858290658,38756.81462473469
0.21,0.13,39367.94315695411,39347.8172496676,40666.379956644145,39724.09537526523
0.275,0.21,39413.96179563437,39396.34391633433,40470.30495664419,39962.84037526534
0.17,0.25,39423.348115718785,39320.14275033234,43018.18358290655,38861.62462473463
0.255,0.185,39578.24949396742,39560.13558300092,40705.3349566441,40067.65037526528
0.19,0.275,39584.65219401145,39483.93441699905,43169.718582906586,38966.434624734684
0.125,0.195,39640.8467585079,39532.461083665745,43272.62858290662,39205.17962473468
0.235,0.16,39742.606100354016,39723.927249667606,40940.36495664413,40172.46037526528
0.145,0.22,39801.97053342199,39696.25275033239,43424.16358290659,39309.989624734735
0.215,0.135,39907.03076340317,39887.71891633425,41175.39495664404,40277.270375265274
0.28,0.215,39953.17631989175,39936.24558300092,40979.31995664409,40516.01537526533
0.165,0.245,39963.18859922754,39860.04441699906,43575.698582906625,39414.799624734675
0.26,0.19,40117.43357563964,40100.03724966765,41214.34995664412,40620.825375265325
0.185,0.27,40124.49981935747,40023.83608366572,43727.23358290654,39519.60962473473
0.12,0.19,40180.682993733,40072.36275033236,43830.143582906574,39758.35462473467
0.24,0.165,40281.7590654318,40263.82891633422,41449.37995664409,40725.635375265265
0.14,0.215,40341.816301738756,40236.15441699902,43981.67858290655,39863.164624734665
0.22,0.14,40446.15195760031,40427.62058300092,41684.409956644115,40830.44537526532
0.16,0.24,40503.04256800662,40399.94608366569,44133.21358290652,39967.97462473466
0.265,0.195,40656.6485125007,40639.938916334264,41723.36495664413,41174.000375265256
0.18,0.265,40664.36068685246,40563.73775033242,44284.74858290661,40072.78462473472
0.245,0.17,40820.94358349833,40803.730583000906,41958.39495664416,41278.81037526525
0.135,0.21,40881.675290857755,40776.05608366567,44539.193582906504,40416.33962473465
0.225,0.145,40985.30541410466,40967.522249667636,42193.42495664407,41383.62037526537
0.155,0.235,41042.90948992451,40939.84775033236,44690.72858290654,40521.14962473465
0.205,0.12,41149.733204358236,41131.313916334264,42428.4549566441,41488.43037526531
0.27,0.2,41195.89309295589,41179.84058300097,42232.379956644145,41727.17537526536
0.175,0.26,41204.23427599757,41103.63941699907,44842.26358290657,40625.95962473471
0.25,0.175,41360.15842054837,41343.63224966758,42467.40995664406,41831.98537526524
0.13,0.205,41421.54698384737,41315.957750332345,45096.70858290652,40969.51462473464
0.23,0.15,41524.48987623593,41507.42391633425,42702.439956644084,41936.7953752653
0.15,0.23,41582.78886047166,41479.74941699905,45248.24358290655,41074.3246247347
0.21,0.125,41688.88667801687,41671.215583000914,42937.46995664411,42041.60537526524
0.275,0.205,41735.16616796347,41719.742249667645,42741.39495664416,42280.35037526535
0.17,0.255,41744.12009320836,41643.5410836657,45399.77858290658,41179.13462473464
0.255,0.18,41899.40240603217,41883.53391633427,42976.42495664407,42385.16037526529
0.19,0.28,41905.539650027116,41807.332750332425,45551.313582906616,41283.94462473469
0.125,0.2,41961.430890367315,41855.85941699904,45654.22358290653,41522.68962473469
0.235,0.155,42063.70415167759,42047.32558300092,43211.4549566441,42489.970375265286
0.145,0.225,42122.68020099202,42019.651083665725,45805.758582906565,41627.499624734744
0.215,0.13,42228.070640265534,42211.11724966761,43446.484956644126,42594.78037526528
0.28,0.21,42274.46664705358,42259.64391633434,43250.409956644115,42833.52537526534
0.165,0.25,42284.01767009806,42183.442750332375,45957.2935829066,41732.309624734684
0.26,0.185,42438.674428832266,42423.435583000966,43485.439956644084,42938.335375265335
0.185,0.275,42445.44229239975,42347.23441699906,46108.82858290657,41837.11962473468
0.12,0.195,42501.326544981195,42395.76108366577,46211.73858290666,42075.864624734735
0.24,0.16,42602.947108411965,42587.227249667594,43720.46995664411,43043.145375265274
0.14,0.22,42662.583057048614,42559.55275033236,46363.27358290658,42180.674624734675
0.22,0.135,42767.28393795922,42751.01891633424,43955.49995664408,43147.95537526533
0.16,0.245,42823.92656189036,42723.34441699906,46514.80858290661,42285.48462473467
0.265,0.19,42977.973433542385,42963.33724966762,43994.4549566441,43491.51037526538
0.18,0.27,42985.35607993647,42887.13608366571,46666.343582906586,42390.29462473467
0.245,0.165,43142.21767095991,43127.128916334266,44229.484956644126,43596.32037526526
0.135,0.215,43202.496996911534,43099.45441699903,46920.78858290659,42733.84962473466
0.225,0.14,43306.52547532355,43290.92058300093,44464.514956644096,43701.13037526526
0.155,0.24,43363.846345950886,43263.2460836657,47072.32358290657,42838.65962473466
0.27,0.195,43517.29841702238,43503.23891633427,44503.46995664411,44044.68537526531
0.175,0.265,43525.28059788336,43427.03775033242,47223.85858290666,42943.46962473472
0.25,0.17,43681.51481689792,43667.03058300092,44738.49995664408,44149.49537526525
0.13,0.21,43742.421610157544,43639.35608366568,47478.30358290655,43287.02462473465
0.23,0.145,43845.79421043389,43830.82224966758,44973.52995664411,44254.30537526531
0.15,0.235,43903.77662042696,43803.14775033235,47629.83858290652,43391.83462473465
0.21,0.12,44010.13589220914,43994.61391633427,45208.55995664408,44359.115375265246
0.275,0.2,44056.648425205196,44043.14058300096,45012.484956644126,44597.86037526536
0.17,0.26,44065.215451805874,43966.939416999034,47781.373582906555,43496.64462473465
0.255,0.175,44220.837573629346,44206.93224966757,45247.514956644154,44702.67037526524
0.125,0.205,44282.35650637234,44179.257750332355,48035.818582906504,43840.1996247347
0.235,0.15,44385.08915195103,44370.723916334275,45482.544956644066,44807.480375265295
0.145,0.23,44443.71700298611,44343.04941699908,48187.353582906595,43945.009624734754
0.215,0.125,44549.402469641725,44534.51558300094,45717.57495664415,44912.29037526529
0.28,0.205,44596.022550134934,44583.04224966767,45521.49995664414,45151.03537526535
0.165,0.255,44605.16026636065,44506.84108366573,48338.88858290657,44049.81962473469
0.26,0.18,44760.185015388444,44746.83391633432,45756.52995664417,45255.845375265344
0.185,0.28,44766.68540104433,44670.632750332414,48490.4235829066,44154.62962473469
0.12,0.2,44822.30131394621,44719.159416999006,48593.33358290652,44393.37462473463
0.24,0.155,44924.4093560907,44910.62558300091,45991.55995664408,45360.65537526528
0.14,0.225,44983.66712964523,44882.951083665714,48744.86858290655,44498.184624734684
0.22,0.13,45088.694896144145,45074.41724966761,46226.58995664411,45465.46537526534
0.16,0.25,45145.114684153974,45046.7427503324,48896.40358290658,44602.99462473468
0.265,0.185,45299.5562604573,45286.73558300091,46265.544956644124,45809.020375265274
0.18,0.275,45306.643103658134,45210.534416999064,49047.938582906616,44707.80462473468
0.245,0.16,45463.75392380873,45450.5272496676,46500.57495664415,45913.83037526527
0.135,0.22,45523.626653683736,45422.85275033235,49302.383582906565,45051.35962473467
0.225,0.135,45628.012255160516,45614.31891633427,46735.60495664412,46018.64037526527
0.155,0.245,45685.07836468226,45586.64441699905,49453.9185829066,45156.16962473467
0.27,0.19,45838.950468580006,45826.63724966766,46774.559956644196,46362.19537526532
0.175,0.27,45846.609958997884,45750.43608366576,49605.45358290663,45260.979624734726
0.25,0.165,46003.12199818294,45990.428916334255,47009.58995664411,46467.00537526526
0.13,0.215,46063.59524463218,45962.75441699906,49859.89858290658,45604.53462473466
0.23,0.14,46167.35367292165,46154.22058300092,47244.619956644136,46571.815375265316
0.15,0.24,46225.050983346155,46126.546083665686,50011.43358290655,45709.34462473466
0.275,0.195,46378.36683855485,46366.53891633428,47283.57495664409,46915.37037526537
0.17,0.265,46386.585647434316,46290.33775033239,50162.968582906644,45814.154624734656
0.255,0.17,46542.5127619773,46530.33058300087,47518.60495664406,47020.18037526525
0.125,0.21,46603.572587331335,46502.65608366571,50417.413582906534,46157.70962473471
0.235,0.145,46706.71831597933,46694.12224966761,47753.63495664409,47124.990375265304
0.145,0.235,46765.03223053307,46666.44775033236,50568.94858290657,46262.51962473465
0.215,0.12,46870.98287383998,46857.91391633428,47988.66495664418,47229.8003752653
0.28,0.2,46917.8046059943,46906.44058300103,47792.589956644224,47468.545375265356
0.165,0.26,46926.569864044905,46830.239416999044,50720.48358290654,46367.3296247347
0.26,0.175,47081.925435372745,47070.23224966761,48027.619956644136,47573.355375265295
0.12,0.205,47143.55838105635,47042.55775033232,50974.92858290649,46710.88462473464
0.24,0.15,47246.10538890896,47234.02391633426,48262.64995664416,47678.16537526529
0.14,0.23,47305.02181076226,47206.34941699903,51126.46358290652,46815.69462473469
0.22,0.125,47410.34385236979,47397.81558300093,48497.679956644075,47782.97537526535
0.16,0.255,47466.562317777614,47370.141083665716,51277.998582906555,46920.50462473469
0.265,0.18,47621.359273851325,47610.133916334344,48536.63495664421,48126.53037526528
0.18,0.28,47628.17911783306,47533.9327503324,51429.53358290659,47025.31462473469
0.245,0.155,47785.514132167686,47773.925583000935,48771.66495664412,48231.34037526534
0.135,0.225,47845.019441887984,47746.2510836657,51683.97858290654,47368.86962473468
0.225,0.13,47949.72701407305,47937.7172496676,49006.69495664415,48336.15037526528
0.155,0.25,48006.562730671474,47910.04275033239,51835.51358290657,47473.67962473468
0.27,0.185,48160.81356622305,48150.03558300098,49045.64995664416,48679.70537526533
0.175,0.275,48168.18143853163,48073.834416999096,51987.0485829066,47578.489624734735
0.25,0.16,48324.94382009515,48313.82724966761,49280.67995664419,48784.51537526527
0.13,0.22,48385.02485435586,48286.152750332374,52241.49358290655,47922.04462473467
0.23,0.135,48489.13161866651,48477.61891633427,49515.7099566441,48889.325375265325
0.15,0.245,48546.5708371289,48449.94441699906,52393.02858290658,48026.85462473467
0.275,0.19,48700.28763278319,48689.93724966765,49554.66495664412,49232.88037526538
0.17,0.27,48708.19138496381,48613.736083665724,52544.563582906616,48131.664624734665
0.255,0.165,48864.393759046616,48853.72891633424,49789.69495664415,49337.6903752652
0.125,0.215,48925.037790508475,48826.05441699907,52799.008582906565,48475.21962473472
0.235,0.14,49028.556958416106,49017.52058300094,50024.724956644175,49442.500375265256
0.145,0.24,49086.58638323611,48989.846083665696,52950.5435829066,48580.029624734656
0.28,0.195,49239.78082359001,49229.838916334265,50063.67995664413,49786.05537526531
0.165,0.265,49248.20870627961,49153.6377503324,53102.07858290663,48684.83962473471
0.26,0.17,49403.863285648105,49393.630583000915,50298.7099566441,49890.865375265246
0.12,0.21,49465.05800393622,49365.9560836657,53356.52358290652,49028.39462473465
0.24,0.145,49568.00235636885,49557.42224966758,50533.73995664413,49995.6753752653
0.14,0.235,49626.60912612788,49529.74775033237,53508.058582906495,49133.2046247347
0.22,0.12,49732.19747524859,49721.2139163343,50768.7699566441,50100.48537526536
0.16,0.26,49788.233162508724,49693.53941699903,53659.59358290653,49238.0146247347
0.265,0.175,49943.35176516406,49933.5322496676,50807.72495664412,50444.04037526529
0.245,0.15,50107.467164698915,50097.32391633429,51042.75495664409,50548.85037526535
0.135,0.23,50166.63883339314,50069.64941699904,54065.57358290657,49686.37962473469
0.225,0.125,50271.63816553018,50261.11558300094,51277.78495664417,50653.66037526529
0.155,0.255,50328.264523977465,50233.441083665726,54217.1085829066,49791.18962473469
0.27,0.18,50482.85858996969,50473.43391633433,51316.73995664425,50997.21537526534
0.175,0.28,50489.96163806166,50397.23275033241,54368.643582906574,49895.999624734744
0.25,0.155,50646.95076315863,50637.22558300092,51551.76995664404,51102.02537526528
0.13,0.225,50706.67528251863,50609.55108366569,54623.08858290652,50239.55462473468
0.23,0.13,50811.09809735387,50801.01724966767,51786.79995664419,51206.835375265335
0.15,0.25,50868.302570762164,50773.34275033238,54774.623582906555,50344.36462473468
0.275,0.185,51022.383178119744,51013.335583000946,51825.754956644145,51550.39037526527
0.17,0.275,51030.00051652539,50937.13441699906,54926.15858290659,50449.174624734675
0.255,0.16,51186.45255762801,51177.127249667596,52060.784956644115,51655.20037526521
0.125,0.22,51246.71826036782,51149.452750332384,55180.60358290654,50792.729624734726
0.235,0.135,51350.576664297376,51340.91891633426,52295.81495664414,51760.010375265265
0.145,0.245,51408.347092177755,51313.24441699905,55332.13858290657,50897.539624734665
0.28,0.19,51561.92497200753,51553.23724966764,52334.76995664416,52103.565375265316
0.165,0.27,51570.04583190013,51477.03608366576,55483.6735829066,51002.34962473472
0.26,0.165,51725.97197875397,51717.02891633427,52569.79995664419,52208.375375265256
0.12,0.215,51786.76756269206,51689.354416999035,55738.11858290655,51345.904624734656
0.24,0.14,51890.073285137114,51880.820583000896,52804.8299566441,52313.18537526531
0.14,0.24,51948.39788629755,51853.14608366572,55889.65358290658,51450.71462473471
0.16,0.265,52110.09738405813,52016.937750332385,56041.188582906616,51555.52462473471
0.265,0.17,52265.50848067423,52256.93058300094,53078.81495664414,52761.5503752653
0.245,0.145,52429.58740255334,52420.72224966765,53313.84495664417,52866.36037526536
0.135,0.235,52488.454759502994,52393.04775033236,56447.16858290654,52003.88962473464
0.225,0.12,52593.71969848371,52584.51391633429,53548.87495664414,52971.1703752653
0.155,0.26,52650.154981080705,52556.83941699906,56598.70358290657,52108.6996247347
0.27,0.175,52805.06153981898,52796.83224966761,53587.8299566441,53314.72537526535
0.25,0.15,52969.118481914506,52960.623916334276,53822.859956644126,53419.53537526529
0.13,0.23,53028.51752606099,52932.94941699904,57004.68358290655,52557.06462473469
0.23,0.125,53133.22839184798,53124.415583000984,54057.889956644154,53524.345375265344
0.15,0.255,53190.21843884138,53096.741083665715,57156.218582906586,52661.874624734686
0.275,0.18,53344.63065378526,53336.733916334364,54096.84495664417,53867.900375265395
0.17,0.28,53351.98648779365,53260.53275033238,57307.75358290656,52766.684624734684
0.255,0.155,53508.66601013583,53500.52558300091,54331.87495664408,53972.71037526522
0.125,0.225,53568.5860077263,53472.851083665715,57562.19858290657,53110.239624734735
0.235,0.13,53672.75393383433,53664.317249667576,54566.90495664411,54077.520375265274
0.145,0.25,53730.28758061468,53636.642750332365,57713.73358290654,53215.049624734675
0.28,0.185,53884.21534027842,53876.635583000956,54605.859956644126,54421.075375265325
0.165,0.275,53892.05561292033,53800.43441699907,57865.268582906574,53319.85962473473
0.26,0.16,54048.22949460497,54040.427249667584,54840.889956644154,54525.885375265265
0.12,0.22,54108.660033368324,54012.75275033237,58119.71358290658,53663.414624734665
0.24,0.135,54212.29582140602,54204.21891633429,55075.919956644066,54630.69537526532
0.14,0.245,54270.36223670802,54176.54441699906,58271.248582906555,53768.22462473472
0.16,0.27,54432.1302363092,54340.336083665745,58422.78358290659,53873.03462473472
0.265,0.165,54587.80846217187,54580.32891633429,55349.90495664411,55079.06037526531
0.245,0.14,54751.85357133938,54744.12058300092,55584.93495664414,55183.87037526525
0.135,0.24,54810.442244115264,54716.44608366569,58828.76358290657,54321.39962473465
0.155,0.265,54972.2101959072,54880.237750332395,58980.2985829066,54426.20962473471
0.27,0.17,55127.40245819751,55120.23058300093,55858.91995664418,55632.23537526524
0.25,0.145,55291.42671925905,55284.02224966759,56093.94995664409,55737.0453752653
0.13,0.235,55350.527446191,55256.34775033238,59386.278582906525,54874.5746247347
0.23,0.12,55455.501923402146,55447.8139163343,56328.97995664412,55841.85537526535
0.15,0.26,55512.295335966184,55420.13941699907,59537.81358290656,54979.384624734696
0.275,0.175,55667.01104565843,55660.13224966764,56367.93495664414,56185.41037526529
0.255,0.15,55831.01481872825,55823.92391633431,56602.964956644166,56290.220375265344
0.125,0.23,55890.61769234295,55796.24941699905,59943.7935829066,55427.749624734686
0.235,0.125,55995.06916401471,55987.715583000914,56837.994956644136,56395.03037526528
0.145,0.255,56052.385506739236,55960.04108366572,60095.32858290663,55532.559624734684
0.28,0.18,56206.633804301775,56200.03391633431,56876.94995664421,56738.585375265335
0.165,0.28,56214.216653998956,56123.8327503324,60246.863582906546,55637.36962473474
0.26,0.155,56370.617440391354,56363.82558300094,57111.97995664412,56843.395375265274
0.12,0.225,56430.712837742765,56336.151083665725,60501.30858290661,55980.924624734675
0.24,0.13,56534.65128284764,56527.617249667645,57347.00995664415,56948.20537526533
0.14,0.25,56592.48056419455,56499.942750332375,60652.84358290653,56085.73462473473
0.16,0.275,56754.31102131222,56663.73441699904,60804.37858290656,56190.54462473467
0.265,0.16,56910.234171165655,56903.72724966763,57620.994956644136,57396.57037526532
0.245,0.135,57074.2478579229,57067.51891633424,57856.024956644105,57501.38037526526
0.135,0.245,57132.58036974538,57039.844416999025,61210.35858290654,56638.90962473466
0.155,0.27,57294.410136321385,57203.63608366573,61361.893582906574,56743.71962473472
0.27,0.165,57449.86461347763,57443.628916334244,58130.00995664415,57949.74537526525
0.25,0.14,57613.85848306037,57607.42058300093,58365.03995664412,58054.55537526531
0.13,0.24,57672.684789995226,57579.74608366572,61767.873582906555,57192.08462473471
0.15,0.265,57834.513866014466,57743.537750332405,61919.40858290659,57296.894624734705
0.275,0.17,57989.50838454288,57983.53058300095,58639.024956644105,58502.9203752653
0.255,0.145,58153.482767145135,58147.3222496676,58874.054956644075,58607.73037526535
0.125,0.235,58212.79369649702,58119.64775033237,62325.38858290657,57745.25962473464
0.235,0.12,58317.50587326652,58311.11391633427,59109.0849566441,58712.54037526529
0.145,0.26,58374.62208230116,58283.43941699908,62476.9235829066,57850.06962473469
0.28,0.175,58529.16511568459,58523.43224966759,59148.03995664418,59056.09537526523
0.26,0.15,58693.12033343628,58687.22391633425,59383.06995664409,59160.90537526528
0.12,0.23,58752.906965525995,58659.54941699904,62882.90358290658,58298.434624734684
0.24,0.125,58857.12393477572,58851.01558300096,59618.09995664412,59265.71537526534
0.14,0.255,58914.7346617872,58823.341083665706,63034.43858290656,58403.24462473474
0.16,0.28,59076.6222942712,58987.13275033239,63185.97358290659,58508.05462473468
0.265,0.155,59232.77081891301,59227.12558300095,59892.0849566441,59714.08037526533
0.245,0.13,59396.75523421011,59390.9172496676,60127.11495664419,59818.89037526527
0.135,0.25,59454.85148556132,59363.24275033238,63591.95358290657,58956.41962473467
0.155,0.275,59616.73789020852,59527.03441699905,63743.488582906546,59061.229624734726
0.27,0.16,59772.433873655835,59767.0272496676,60401.09995664412,60267.25537526526
0.25,0.135,59936.39941401088,59930.818916334305,60636.129956644145,60372.065375265316
0.13,0.245,59994.97243899332,59903.14441699907,64149.468582906586,59509.59462473472
0.15,0.27,60156.85762673878,60066.93608366572,64301.00358290656,59614.404624734714
0.275,0.165,60312.10916026151,60306.92891633429,60910.11495664413,60820.43037526531
0.255,0.14,60476.05612937287,60470.72058300092,61145.14495664416,60925.240375265246
0.125,0.24,60535.0974115432,60443.046083665686,64706.98358290654,60062.76962473465
0.145,0.265,60696.98139332522,60606.83775033241,64858.51858290663,60167.5796247347
0.28,0.17,60851.796353288395,60846.830583000905,61419.129956644145,61373.60537526524
0.26,0.145,61015.72504768199,61010.62224966757,61654.15995664406,61478.41537526529
0.12,0.235,61075.226296580666,60982.94775033238,65264.498582906555,60615.94462473469
0.24,0.12,61179.70043101493,61174.41391633428,61889.189956644084,61583.22537526535
0.14,0.26,61237.109083330055,61146.73941699908,65416.03358290659,60720.75462473475
0.265,0.15,61555.40584798102,61550.5239163343,62163.17495664419,62031.59037526534
0.245,0.125,61719.36293346304,61714.31558300093,62398.2049566441,62136.40037526528
0.135,0.255,61777.24059384417,61686.64108366574,65973.5485829066,61273.92962473468
0.155,0.28,61939.17908097804,61850.43275033244,66125.08358290663,61378.739624734735
0.27,0.155,62095.09822046363,62090.42558300096,62672.189956644084,62584.76537526527
0.25,0.13,62259.037294840884,62254.21724966762,62907.21995664411,62689.575375265325
0.13,0.25,62317.37582552561,62226.54275033241,66531.06358290662,61827.104624734726
0.15,0.275,62479.31265374194,62390.33441699904,66682.59858290653,61931.914624734665
0.275,0.16,62634.801865994996,62630.32724966764,63181.204956644215,63137.940375265316
0.255,0.135,62798.72320941156,62794.118916334235,63416.234956644126,63242.750375265256
0.125,0.245,62857.51468244625,62766.44441699904,67088.57858290657,62380.279624734656
0.145,0.27,63019.44987086661,62930.236083665724,67240.1135829066,62485.08962473471
0.28,0.165,63174.51649565598,63170.22891633422,63691.115375265246,63690.21995664411
0.26,0.14,63338.42038185231,63334.02058300093,63925.24995664414,63795.9253752653
0.12,0.24,63397.65707194659,63306.346083665696,67646.09358290653,62933.4546247347
0.14,0.265,63559.59063944125,63470.1377503324,67797.62858290656,63038.26462473476
0.265,0.145,63878.12852681469,63873.92224966766,64434.264956644154,64349.10037526535
0.245,0.12,64042.060040470424,64037.71391633432,64669.29495664418,64453.91037526529
0.135,0.26,64099.73486968629,64010.039416999054,68355.14358290657,63591.43962473469
0.27,0.15,64417.84736850735,64413.82391633431,64943.27995664417,64902.27537526528
0.25,0.125,64581.76166534751,64577.61558300094,65178.309956644196,65007.08537526522
0.13,0.255,64639.88247482244,64549.94108366574,68912.65858290659,64144.614624734735
0.15,0.28,64801.86698390084,64713.73275033241,69064.19358290662,64249.424624734675
0.275,0.155,64957.57664029969,64953.72558300092,65455.450375265325,65452.294956644066
0.255,0.13,65121.47397945113,65117.51724966755,65687.3249566441,65560.26037526526
0.125,0.25,65180.03337094639,65089.8427503324,69470.1735829066,64697.789624734665
0.145,0.275,65342.01587452355,65253.63441699906,69621.70858290658,64802.59962473472
0.28,0.16,65497.31608434475,65493.62724966762,66008.62537526526,65961.3099566442
0.26,0.135,65661.19671919617,65657.41891633428,66196.33995664411,66113.43537526531
0.12,0.245,65720.18747691276,65629.74441699905,70027.68858290656,65250.96462473471
0.14,0.27,65882.16799998196,65793.53608366569,70179.22358290653,65355.77462473471
0.265,0.14,66200.929629588,66197.32058300094,66705.35495664412,66666.61037526524
0.135,0.265,66422.32328135821,66333.43775033239,70736.7385829066,65908.9496247347
0.27,0.145,66740.67246387621,66737.22224966763,67219.78537526517,67214.36995664425
0.25,0.12,66904.56351755034,66901.01391633425,67449.39995664416,67324.59537526523
0.13,0.26,66962.4816422803,66873.33941699906,71294.25358290656,66462.12462473474
0.275,0.15,67280.4249832237,67277.12391633428,67772.96037526533,67723.38495664415
0.255,0.125,67444.29979275641,67440.91558300094,67958.41495664418,67877.77037526527
0.125,0.255,67502.64300882029,67413.2410836657,71851.76858290657,67015.29962473467
0.145,0.28,67664.66936164787,67577.03275033242,72003.3035829066,67120.10962473473
0.28,0.155,67820.18695639247,67817.02558300093,68326.13537526526,68232.39995664405
0.26,0.13,67984.04575693126,67980.8172496676,68467.42995664407,68430.94537526532
0.12,0.25,68042.80730939753,67953.14275033241,72409.28358290659,67568.47462473472
0.14,0.275,68204.83137767565,68116.93441699905,72560.81858290656,67673.28462473466
0.265,0.135,68523.80118112167,68520.71891633426,68984.12037526525,68976.44495664409
0.135,0.27,68744.99628756457,68656.83608366574,73118.33358290658,68226.4596247347
0.27,0.14,69063.56584352787,69060.6205830009,69537.29537526518,69485.4599566441
0.13,0.265,69285.16402363071,69196.7377503324,73675.84858290659,68779.63462473475
0.275,0.145,69603.3395292265,69600.5222496676,70090.47037526523,69994.47495664412
0.255,0.12,69767.19315386625,69764.31391633426,70229.50495664403,70195.28037526528
0.125,0.26,69825.33452028429,69736.63941699905,74233.36358290655,69332.80962473468
0.28,0.15,70143.12202990618,70140.42391633429,70643.64537526527,70503.48995664413
0.26,0.125,70306.96028928351,70304.21558300096,70748.45537526533,70738.51995664416
0.12,0.255,70365.50771394924,70276.54108366572,74790.87858290656,69885.98462473473
0.14,0.28,70527.5722741915,70440.33275033238,74942.41358290659,69990.79462473467
0.265,0.13,70846.736251947,70844.1172496676,71301.63037526526,71247.53495664417
0.135,0.275,71067.74559401814,70980.23441699905,75499.9285829066,70543.96962473466
0.27,0.135,71386.52084161999,71384.01891633426,71854.80537526519,71756.54995664419
0.13,0.27,71607.92152146935,71520.13608366573,76057.44358290656,71097.1446247347
0.275,0.14,71926.3138640734,71923.92058300092,72407.98037526524,72265.56495664408
0.125,0.265,72148.09999797496,72060.0377503324,76614.95858290663,71650.3196247347
0.28,0.145,72466.11513086245,72463.82224966765,72961.15537526528,72774.57995664421
0.26,0.12,72629.93403213353,72627.61391633427,73065.96537526534,73009.60995664413
0.12,0.26,72688.28096670551,72599.93941699907,77172.47358290653,72203.49462473474
0.265,0.125,73169.7287923825,73167.51558300096,73619.14037526527,73518.62495664414
0.135,0.28,73390.56395620434,73303.63275033237,77881.52358290658,72861.47962473467
0.27,0.13,73709.53163243947,73707.41724966762,74172.3153752652,74027.63995664427
0.13,0.275,73930.74705576315,73843.53441699904,78439.03858290659,73414.65462473466
0.275,0.135,74249.34237608056,74247.31891633426,74725.49037526525,74536.65495664417
0.125,0.27,74470.93252082182,74383.43608366574,78996.5535829066,73967.8296247347
0.28,0.14,74789.16085216704,74787.22058300092,75278.6653752653,75045.66995664407
0.12,0.265,75011.12030027555,74923.33775033243,79554.06858290662,74521.00462473475
0.265,0.12,75492.77349722617,75490.91391633432,75936.65037526528,75789.71495664422
0.27,0.125,76032.59310210952,76030.81558300089,76489.82537526521,76298.72995664412
0.13,0.28,76253.63440896683,76166.9327503324,80820.63358290656,75732.16462473467
0.275,0.13,76572.42013442227,76570.71724966758,77043.00037526526,76807.74495664414
0.125,0.275,76793.82600495052,76706.83441699906,81378.14858290658,76285.33962473471
0.28,0.135,77112.25443817637,77110.61891633428,77596.1753752653,77316.75995664415
0.12,0.27,77334.0197601606,77246.73608366573,81935.66358290659,76838.5146247347
0.27,0.12,78355.7007431057,78354.21391633425,78807.33537526522,78569.8199566442
0.275,0.125,78895.54278892657,78894.11558300094,79360.51037526526,79078.8349566441
0.125,0.28,79116.77508083385,79030.2327503324,83759.74358290655,78602.84962473472
0.28,0.13,79435.39168947056,79434.01724966767,79913.68537526531,79587.84995664423
0.12,0.275,79656.97408627963,79570.13441699905,84317.25858290656,79156.02462473465
0.275,0.12,81218.70648705892,81217.5139163343,81678.02037526527,81349.92495664419
0.28,0.125,81758.56888385439,81757.41558300094,82231.19537526532,81858.93995664408
0.12,0.28,81979.97861462495,81893.5327503324,86698.8535829066,81473.53462473466
0.28,0.12,84081.78271044893,84080.8139163343,84548.70537526533,84130.02995664417
