t,dy,x,z,stress,regime,y,population,population_next,tfr,source_population,source_tfr
1961,0.018598882333990437,0.93825,0.01999184556900259,0.06174999999999997,normal,18271000,18271000,18614000,3.753,"FRED POPTOTCAA647NWDB, source World Bank WDI","FRED SPDYNTFRTINCAN, source World Bank WDI"
1962,0.01862845927635311,0.92025,0.018598882333990437,0.07974999999999999,normal,18614000,18614000,18964000,3.681,"FRED POPTOTCAA647NWDB, source World Bank WDI","FRED SPDYNTFRTINCAN, source World Bank WDI"
1963,0.018857149433613694,0.90175,0.01862845927635311,0.09824999999999995,normal,18964000,18964000,19325000,3.607,"FRED POPTOTCAA647NWDB, source World Bank WDI","FRED SPDYNTFRTINCAN, source World Bank WDI"
1964,0.018101665970088165,0.864,0.018857149433613694,0.136,normal,19325000,19325000,19678000,3.456,"FRED POPTOTCAA647NWDB, source World Bank WDI","FRED SPDYNTFRTINCAN, source World Bank WDI"
1965,0.01862813771013879,0.77875,0.018101665970088165,0.22124999999999995,normal,19678000,19678000,20048000,3.115,"FRED POPTOTCAA647NWDB, source World Bank WDI","FRED SPDYNTFRTINCAN, source World Bank WDI"
1966,0.017993565048012472,0.68725,0.01862813771013879,0.31275,normal,20048000,20048000,20412000,2.749,"FRED POPTOTCAA647NWDB, source World Bank WDI","FRED SPDYNTFRTINCAN, source World Bank WDI"
1967,0.01613408503463817,0.632,0.017993565048012472,0.368,normal,20412000,20412000,20744000,2.528,"FRED POPTOTCAA647NWDB, source World Bank WDI","FRED SPDYNTFRTINCAN, source World Bank WDI"
1968,0.01359783472083835,0.5965,0.01613408503463817,0.40349999999999997,normal,20744000,20744000,21028000,2.386,"FRED POPTOTCAA647NWDB, source World Bank WDI","FRED SPDYNTFRTINCAN, source World Bank WDI"
1969,0.013978316003312905,0.5835,0.01359783472083835,0.4165,normal,21028000,21028000,21324000,2.334,"FRED POPTOTCAA647NWDB, source World Bank WDI","FRED SPDYNTFRTINCAN, source World Bank WDI"
1970,0.02948194527614385,0.5645,0.013978316003312905,0.4355,normal,21324000,21324000,21962032,2.258,"FRED POPTOTCAA647NWDB, source World Bank WDI","FRED SPDYNTFRTINCAN, source World Bank WDI"
1971,0.01160846566514646,0.53525,0.02948194527614385,0.46475,normal,21962032,21962032,22218463,2.141,"FRED POPTOTCAA647NWDB, source World Bank WDI","FRED SPDYNTFRTINCAN, source World Bank WDI"
1972,0.012226165842684935,0.495,0.01160846566514646,0.505,normal,22218463,22218463,22491777,1.98,"FRED POPTOTCAA647NWDB, source World Bank WDI","FRED SPDYNTFRTINCAN, source World Bank WDI"
1973,0.013960216692737105,0.4725,0.012226165842684935,0.5275000000000001,normal,22491777,22491777,22807969,1.89,"FRED POPTOTCAA647NWDB, source World Bank WDI","FRED SPDYNTFRTINCAN, source World Bank WDI"
1974,0.014594249132399763,0.45925,0.013960216692737105,0.5407500000000001,normal,22807969,22807969,23143275,1.837,"FRED POPTOTCAA647NWDB, source World Bank WDI","FRED SPDYNTFRTINCAN, source World Bank WDI"
1975,0.013158065655880413,0.456,0.014594249132399763,0.544,normal,23143275,23143275,23449808,1.824,"FRED POPTOTCAA647NWDB, source World Bank WDI","FRED SPDYNTFRTINCAN, source World Bank WDI"
1976,0.01170256877832663,0.449,0.013158065655880413,0.5509999999999999,normal,23449808,23449808,23725843,1.796,"FRED POPTOTCAA647NWDB, source World Bank WDI","FRED SPDYNTFRTINCAN, source World Bank WDI"
1977,0.0099545694441135,0.4455,0.01170256877832663,0.5545,normal,23725843,23725843,23963203,1.782,"FRED POPTOTCAA647NWDB, source World Bank WDI","FRED SPDYNTFRTINCAN, source World Bank WDI"
1978,0.009896987332347038,0.442,0.0099545694441135,0.558,normal,23963203,23963203,24201544,1.768,"FRED POPTOTCAA647NWDB, source World Bank WDI","FRED SPDYNTFRTINCAN, source World Bank WDI"
1979,0.012895949784715552,0.4385,0.009896987332347038,0.5615,normal,24201544,24201544,24515667,1.754,"FRED POPTOTCAA647NWDB, source World Bank WDI","FRED SPDYNTFRTINCAN, source World Bank WDI"
1980,0.012333972548052798,0.435,0.012895949784715552,0.565,normal,24515667,24515667,24819915,1.74,"FRED POPTOTCAA647NWDB, source World Bank WDI","FRED SPDYNTFRTINCAN, source World Bank WDI"
1981,0.011896243407757516,0.425,0.012333972548052798,0.575,normal,24819915,24819915,25116942,1.7,"FRED POPTOTCAA647NWDB, source World Bank WDI","FRED SPDYNTFRTINCAN, source World Bank WDI"
1982,0.009884875671477706,0.4225,0.011896243407757516,0.5775,normal,25116942,25116942,25366451,1.69,"FRED POPTOTCAA647NWDB, source World Bank WDI","FRED SPDYNTFRTINCAN, source World Bank WDI"
1983,0.00944034716041094,0.42,0.009884875671477706,0.5800000000000001,normal,25366451,25366451,25607053,1.68,"FRED POPTOTCAA647NWDB, source World Bank WDI","FRED SPDYNTFRTINCAN, source World Bank WDI"
1984,0.009137742753900101,0.4125,0.00944034716041094,0.5875,normal,25607053,25607053,25842116,1.65,"FRED POPTOTCAA647NWDB, source World Bank WDI","FRED SPDYNTFRTINCAN, source World Bank WDI"
1985,0.009940401506309912,0.4175,0.009137742753900101,0.5825,normal,25842116,25842116,26100278,1.67,"FRED POPTOTCAA647NWDB, source World Bank WDI","FRED SPDYNTFRTINCAN, source World Bank WDI"
1986,0.013181677817449779,0.41875,0.009940401506309912,0.58125,normal,26100278,26100278,26446601,1.675,"FRED POPTOTCAA647NWDB, source World Bank WDI","FRED SPDYNTFRTINCAN, source World Bank WDI"
1987,0.012966248899599917,0.42,0.013181677817449779,0.5800000000000001,normal,26446601,26446601,26791747,1.68,"FRED POPTOTCAA647NWDB, source World Bank WDI","FRED SPDYNTFRTINCAN, source World Bank WDI"
1988,0.017941935149193903,0.42,0.012966248899599917,0.5800000000000001,normal,26791747,26791747,27276781,1.68,"FRED POPTOTCAA647NWDB, source World Bank WDI","FRED SPDYNTFRTINCAN, source World Bank WDI"
1989,0.015076606728480687,0.4425,0.017941935149193903,0.5575,normal,27276781,27276781,27691138,1.77,"FRED POPTOTCAA647NWDB, source World Bank WDI","FRED SPDYNTFRTINCAN, source World Bank WDI"
1990,0.012427612313168373,0.4575,0.015076606728480687,0.5425,normal,27691138,27691138,28037420,1.83,"FRED POPTOTCAA647NWDB, source World Bank WDI","FRED SPDYNTFRTINCAN, source World Bank WDI"
1991,0.01183675541389425,0.43,0.012427612313168373,0.5700000000000001,normal,28037420,28037420,28371264,1.72,"FRED POPTOTCAA647NWDB, source World Bank WDI","FRED SPDYNTFRTINCAN, source World Bank WDI"
1992,0.01098930878878779,0.4275,0.01183675541389425,0.5725,normal,28371264,28371264,28684764,1.71,"FRED POPTOTCAA647NWDB, source World Bank WDI","FRED SPDYNTFRTINCAN, source World Bank WDI"
1993,0.010952581070612886,0.4225,0.01098930878878779,0.5775,normal,28684764,28684764,29000663,1.69,"FRED POPTOTCAA647NWDB, source World Bank WDI","FRED SPDYNTFRTINCAN, source World Bank WDI"
1994,0.010347694838683365,0.4225,0.010952581070612886,0.5775,normal,29000663,29000663,29302311,1.69,"FRED POPTOTCAA647NWDB, source World Bank WDI","FRED SPDYNTFRTINCAN, source World Bank WDI"
1995,0.01045311783118306,0.4175,0.010347694838683365,0.5825,normal,29302311,29302311,29610218,1.67,"FRED POPTOTCAA647NWDB, source World Bank WDI","FRED SPDYNTFRTINCAN, source World Bank WDI"
1996,0.009937885914651879,0.4075,0.01045311783118306,0.5925,normal,29610218,29610218,29905948,1.63,"FRED POPTOTCAA647NWDB, source World Bank WDI","FRED SPDYNTFRTINCAN, source World Bank WDI"
1997,0.008299093533237439,0.3925,0.009937885914651879,0.6074999999999999,stress,29905948,29905948,30155173,1.57,"FRED POPTOTCAA647NWDB, source World Bank WDI","FRED SPDYNTFRTINCAN, source World Bank WDI"
1998,0.008128426237161437,0.39,0.008299093533237439,0.61,stress,30155173,30155173,30401286,1.56,"FRED POPTOTCAA647NWDB, source World Bank WDI","FRED SPDYNTFRTINCAN, source World Bank WDI"
1999,0.009312815534524286,0.3875,0.008128426237161437,0.6125,stress,30401286,30401286,30685730,1.55,"FRED POPTOTCAA647NWDB, source World Bank WDI","FRED SPDYNTFRTINCAN, source World Bank WDI"
2000,0.010861994547665035,0.3775,0.009312815534524286,0.6225,stress,30685730,30685730,31020855,1.51,"FRED POPTOTCAA647NWDB, source World Bank WDI","FRED SPDYNTFRTINCAN, source World Bank WDI"
2001,0.010847932832952233,0.385,0.010861994547665035,0.615,stress,31020855,31020855,31359199,1.54,"FRED POPTOTCAA647NWDB, source World Bank WDI","FRED SPDYNTFRTINCAN, source World Bank WDI"
2002,0.008992268099986956,0.38,0.010847932832952233,0.62,stress,31359199,31359199,31642461,1.52,"FRED POPTOTCAA647NWDB, source World Bank WDI","FRED SPDYNTFRTINCAN, source World Bank WDI"
2003,0.009321869641480482,0.3875,0.008992268099986956,0.6125,stress,31642461,31642461,31938807,1.55,"FRED POPTOTCAA647NWDB, source World Bank WDI","FRED SPDYNTFRTINCAN, source World Bank WDI"
2004,0.009470862696704102,0.39,0.009321869641480482,0.61,stress,31938807,31938807,32242732,1.56,"FRED POPTOTCAA647NWDB, source World Bank WDI","FRED SPDYNTFRTINCAN, source World Bank WDI"
2005,0.010135593914495726,0.395,0.009470862696704102,0.605,stress,32242732,32242732,32571193,1.58,"FRED POPTOTCAA647NWDB, source World Bank WDI","FRED SPDYNTFRTINCAN, source World Bank WDI"
2006,0.00970654173316653,0.4075,0.010135593914495726,0.5925,normal,32571193,32571193,32888886,1.63,"FRED POPTOTCAA647NWDB, source World Bank WDI","FRED SPDYNTFRTINCAN, source World Bank WDI"
2007,0.010838711491939814,0.4175,0.00970654173316653,0.5825,normal,32888886,32888886,33247298,1.67,"FRED POPTOTCAA647NWDB, source World Bank WDI","FRED SPDYNTFRTINCAN, source World Bank WDI"
2008,0.011447076847652627,0.425,0.010838711491939814,0.575,normal,33247298,33247298,33630069,1.7,"FRED POPTOTCAA647NWDB, source World Bank WDI","FRED SPDYNTFRTINCAN, source World Bank WDI"
2009,0.01111352029716936,0.4225,0.011447076847652627,0.5775,normal,33630069,33630069,34005902,1.69,"FRED POPTOTCAA647NWDB, source World Bank WDI","FRED SPDYNTFRTINCAN, source World Bank WDI"
2010,0.009754072509711302,0.4125,0.01111352029716936,0.5875,normal,34005902,34005902,34339221,1.65,"FRED POPTOTCAA647NWDB, source World Bank WDI","FRED SPDYNTFRTINCAN, source World Bank WDI"
2011,0.010837465223365325,0.4075,0.009754072509711302,0.5925,normal,34339221,34339221,34713395,1.63,"FRED POPTOTCAA647NWDB, source World Bank WDI","FRED SPDYNTFRTINCAN, source World Bank WDI"
2012,0.010533809805531834,0.4075,0.010837465223365325,0.5925,normal,34713395,34713395,35080992,1.63,"FRED POPTOTCAA647NWDB, source World Bank WDI","FRED SPDYNTFRTINCAN, source World Bank WDI"
2013,0.010014228468966145,0.4025,0.010533809805531834,0.5974999999999999,normal,35080992,35080992,35434066,1.61,"FRED POPTOTCAA647NWDB, source World Bank WDI","FRED SPDYNTFRTINCAN, source World Bank WDI"
2014,0.007603001452389358,0.4025,0.010014228468966145,0.5974999999999999,normal,35434066,35434066,35704498,1.61,"FRED POPTOTCAA647NWDB, source World Bank WDI","FRED SPDYNTFRTINCAN, source World Bank WDI"
2015,0.011315397402700392,0.4,0.007603001452389358,0.6,normal,35704498,35704498,36110803,1.6,"FRED POPTOTCAA647NWDB, source World Bank WDI","FRED SPDYNTFRTINCAN, source World Bank WDI"
2016,0.011954357545155279,0.3975,0.011315397402700392,0.6025,stress,36110803,36110803,36545075,1.59,"FRED POPTOTCAA647NWDB, source World Bank WDI","FRED SPDYNTFRTINCAN, source World Bank WDI"
2017,0.014332261567934983,0.3875,0.011954357545155279,0.6125,stress,36545075,36545075,37072620,1.55,"FRED POPTOTCAA647NWDB, source World Bank WDI","FRED SPDYNTFRTINCAN, source World Bank WDI"
2018,0.014617125993813375,0.3775,0.014332261567934983,0.6225,stress,37072620,37072620,37618495,1.51,"FRED POPTOTCAA647NWDB, source World Bank WDI","FRED SPDYNTFRTINCAN, source World Bank WDI"
2019,0.01084368971132253,0.3675,0.014617125993813375,0.6325000000000001,stress,37618495,37618495,38028638,1.47,"FRED POPTOTCAA647NWDB, source World Bank WDI","FRED SPDYNTFRTINCAN, source World Bank WDI"
2020,0.005539024223868708,0.3525,0.01084368971132253,0.6475,stress,38028638,38028638,38239864,1.41,"FRED POPTOTCAA647NWDB, source World Bank WDI","FRED SPDYNTFRTINCAN, source World Bank WDI"
2021,0.01840362957969962,0.36,0.005539024223868708,0.64,stress,38239864,38239864,38950132,1.44,"FRED POPTOTCAA647NWDB, source World Bank WDI","FRED SPDYNTFRTINCAN, source World Bank WDI"
2022,0.027823740448292236,0.3325,0.01840362957969962,0.6675,stress,38950132,38950132,40049088,1.33,"FRED POPTOTCAA647NWDB, source World Bank WDI","FRED SPDYNTFRTINCAN, source World Bank WDI"

